日期,收盘价,最高价,最低价,开盘价,前收盘,涨跌额,涨跌幅,成交量,成交金额,成交金额1
2018/8/17,2668.966,2730.3326,2665.5918,2723.8871,2705.1917,-36.2257,-1.3391,112445294,1.15E+11,70
2018/8/16,2705.1917,2732.9489,2672.7407,2691.426,2723.2576,-18.0659,-0.6634,120277878,1.18E+11,69
2018/8/15,2723.2576,2777.7032,2721.2404,2777.2493,2780.9646,-57.707,-2.0751,116161787,1.19E+11,68
2018/8/14,2780.9646,2789.4437,2766.5693,2780.7357,2785.872,-4.9074,-0.1762,109571077,1.12E+11,67
2018/8/13,2785.872,2789.7983,2742.5599,2769.0166,2795.3099,-9.4379,-0.3376,127532241,1.29E+11,66
2018/8/10,2795.3099,2806.1149,2777.5061,2791.4018,2794.3818,0.9281,0.0332,121532232,1.23E+11,65
2018/8/9,2794.3818,2801.6592,2726.2153,2729.5787,2744.0696,50.3122,1.8335,151660333,1.51E+11,64
2018/8/8,2744.0696,2779.9124,2741.067,2771.1286,2779.374,-35.3044,-1.2702,147688715,1.40E+11,63
2018/8/7,2779.374,2779.374,2696.0391,2711.7361,2705.1565,74.2175,2.7436,149579743,1.47E+11,62
2018/8/6,2705.1565,2760.4744,2692.3216,2736.5256,2740.4429,-35.2864,-1.2876,129753058,1.33E+11,61
2018/8/3,2740.4429,2777.6572,2740.4317,2763.3957,2768.0239,-27.581,-0.9964,127006363,1.29E+11,60
2018/8/2,2768.0239,2815.3438,2726.4825,2815.3438,2824.5337,-56.5098,-2.0007,174179003,1.70E+11,59
2018/8/1,2824.5337,2897.3997,2823.9293,2882.5061,2876.4009,-51.8672,-1.8032,149514348,1.52E+11,58
2018/7/31,2876.4009,2884.6799,2854.3197,2866.8985,2869.0495,7.3514,0.2562,118931117,1.20E+11,57
2018/7/30,2869.0495,2896.0109,2850.296,2871.9397,2873.5938,-4.5443,-0.1581,151652249,1.46E+11,56
2018/7/27,2873.5938,2889.6936,2864.1098,2879.6901,2882.2254,-8.6316,-0.2995,146371610,1.32E+11,55
2018/7/26,2882.2254,2915.2974,2875.7006,2905.7941,2903.6467,-21.4213,-0.7377,168428202,1.57E+11,54
2018/7/25,2903.6467,2912.3134,2894.039,2911.4529,2905.5618,-1.9151,-0.0659,167800207,1.66E+11,53
2018/7/24,2905.5618,2911.4646,2862.267,2862.267,2859.5424,46.0194,1.6093,229578307,2.29E+11,52
2018/7/23,2859.5424,2863.5711,2809.6163,2815.2008,2829.2712,30.2712,1.0699,173382797,1.87E+11,51
2018/7/20,2829.2712,2837.8623,2753.8397,2769.7537,2772.5454,56.7258,2.046,145907688,1.56E+11,50
2018/7/19,2772.5454,2805.0106,2764.4858,2791.0156,2787.257,-14.7116,-0.5278,114486493,1.29E+11,49
2018/7/18,2787.257,2818.3953,2786.0404,2801.7774,2798.1259,-10.8689,-0.3884,120961165,1.39E+11,48
2018/7/17,2798.1259,2806.9194,2774.7624,2806.8853,2814.0418,-15.9159,-0.5656,105409220,1.24E+11,47
2018/7/16,2814.0418,2837.5092,2804.4929,2827.0823,2831.1837,-17.1419,-0.6055,107767151,1.29E+11,46
2018/7/13,2831.1837,2835.4627,2818.8484,2831.4284,2837.6586,-6.4749,-0.2282,117689348,1.46E+11,45
2018/7/12,2837.6586,2844.1932,2771.0408,2771.0408,2777.7711,59.8875,2.156,146980200,1.70E+11,44
2018/7/11,2777.7711,2794.3596,2752.435,2780.7043,2827.6252,-49.8541,-1.7631,126821149,1.38E+11,43
2018/7/10,2827.6252,2828.4926,2800.6251,2819.7121,2815.1095,12.5157,0.4446,117062748,1.33E+11,42
2018/7/9,2815.1095,2815.79,2752.4466,2752.4466,2747.2285,67.881,2.4709,121549309,1.36E+11,41
2018/7/6,2747.2285,2768.8737,2691.0208,2731.3532,2733.8819,13.3466,0.4882,136294380,1.48E+11,40
2018/7/5,2733.8819,2777.5227,2727.9399,2755.3394,2759.126,-25.2441,-0.9149,129226112,1.33E+11,39
2018/7/4,2759.126,2793.179,2754.1552,2776.6324,2786.8878,-27.7618,-0.9962,123262181,1.31E+11,38
2018/7/3,2786.8878,2786.8878,2722.4485,2774.5701,2775.557,11.3308,0.4082,142498466,1.62E+11,37
2018/7/2,2775.557,2845.6801,2756.815,2841.5795,2847.4181,-71.8611,-2.5237,137035034,1.48E+11,36
2018/6/29,2847.4181,2848.3721,2782.3811,2789.8111,2786.8966,60.5215,2.1716,125671685,1.36E+11,35
2018/6/28,2786.8966,2825.9872,2782.4464,2799.9039,2813.1775,-26.2809,-0.9342,118357907,1.30E+11,34
2018/6/27,2813.1775,2854.2579,2798.7997,2842.3958,2844.5081,-31.3306,-1.1014,129420833,1.42E+11,33
2018/6/26,2844.5081,2850.24,2803.7851,2829.9947,2859.3364,-14.8283,-0.5186,125918468,1.38E+11,32
2018/6/25,2859.3364,2908.624,2857.8709,2903.4495,2889.7603,-30.4239,-1.0528,121917687,1.32E+11,31
2018/6/22,2889.7603,2891.9685,2837.1444,2855.5849,2875.8099,13.9504,0.4851,126143129,1.27E+11,30
2018/6/21,2875.8099,2940.5863,2872.6189,2912.0032,2915.7314,-39.9215,-1.3692,154378332,1.60E+11,29
2018/6/20,2915.7314,2925.5611,2872.1629,2889.984,2907.8221,7.9093,0.272,144301420,1.53E+11,28
2018/6/19,2907.8221,2984.9706,2871.3548,2982.6504,3021.9008,-114.0787,-3.7751,230550067,2.41E+11,27
2018/6/15,3021.9008,3048.7967,3008.7324,3037.4522,3044.1597,-22.2589,-0.7312,144532571,1.62E+11,26
2018/6/14,3044.1597,3066.0469,3032.4062,3038.0704,3049.7965,-5.6368,-0.1848,115469487,1.48E+11,25
2018/6/13,3049.7965,3071.4636,3044.1198,3071.4636,3079.8018,-30.0053,-0.9743,119607886,1.56E+11,24
2018/6/12,3079.8018,3081.4473,3034.1012,3053.0279,3052.7831,27.0187,0.8851,113275096,1.54E+11,23
2018/6/11,3052.7831,3063.6102,3037.9138,3057.3393,3067.1478,-14.3647,-0.4683,108563786,1.43E+11,22
2018/6/8,3067.1478,3100.6848,3053.2879,3100.6038,3109.4988,-42.351,-1.362,134688220,1.61E+11,21
2018/6/7,3109.4988,3128.7154,3105.5779,3121.1842,3115.1803,-5.6815,-0.1824,127784970,1.67E+11,20
2018/6/6,3115.1803,3117.5251,3103.5329,3109.1746,3114.2055,0.9748,0.0313,120196135,1.63E+11,19
2018/6/5,3114.2055,3114.7687,3080.0457,3088.0076,3091.1909,23.0146,0.7445,118735592,1.65E+11,18
2018/6/4,3091.1909,3098.402,3076.9936,3083.4265,3075.1372,16.0537,0.522,114593902,1.55E+11,17
2018/6/1,3075.1372,3102.088,3059.7857,3084.7536,3095.4737,-20.3365,-0.657,129872199,1.67E+11,16
2018/5/31,3095.4737,3098.0764,3054.2685,3061.8291,3041.4434,54.0303,1.7765,140475532,1.85E+11,15
2018/5/30,3041.4434,3085.397,3041.0002,3081.1418,3120.4605,-79.0171,-2.5322,155115126,1.92E+11,14
2018/5/29,3120.4605,3143.2076,3112.1531,3129.621,3135.0821,-14.6216,-0.4664,135717800,1.78E+11,13
2018/5/28,3135.0821,3149.6646,3115.9585,3136.8092,3141.3032,-6.2211,-0.198,128755918,1.68E+11,12
2018/5/25,3141.3032,3156.7261,3131.0675,3148.41,3154.6506,-13.3474,-0.4231,128610843,1.67E+11,
2018/5/24,3154.6506,3173.5309,3152.0692,3167.9391,3168.9642,-14.3136,-0.4517,124085800,1.61E+11,
2018/5/23,3168.9642,3205.437,3168.9642,3205.437,3214.3497,-45.3855,-1.412,157807648,1.99E+11,
2018/5/22,3214.3497,3214.5888,3192.2277,3211.247,3213.8404,0.5093,0.0158,144292684,1.86E+11,
2018/5/21,3213.8404,3219.7398,3203.3362,3206.1756,3193.3034,20.537,0.6431,164459413,2.03E+11,
2018/5/18,3193.3034,3193.4531,3144.776,3151.0818,3154.2825,39.0209,1.2371,136516918,1.68E+11,
2018/5/17,3154.2825,3172.7664,3148.6213,3170.0064,3169.5652,-15.2827,-0.4822,113995567,1.51E+11,
2018/5/16,3169.5652,3191.9481,3166.8113,3180.2259,3192.1183,-22.5531,-0.7065,130524968,1.75E+11,
2018/5/15,3192.1183,3192.8069,3164.5181,3180.4245,3174.032,18.0863,0.5698,124549051,1.63E+11,
2018/5/14,3174.032,3183.8159,3163.476,3167.0418,3163.2632,10.7688,0.3404,129327353,1.72E+11,
2018/5/11,3163.2632,3180.7564,3162.2121,3179.7967,3174.4127,-11.1495,-0.3512,130659749,1.67E+11,
2018/5/10,3174.4127,3176.1376,3155.5331,3169.0498,3159.1502,15.2625,0.4831,133000756,1.65E+11,
2018/5/9,3159.1502,3165.3733,3145.6574,3160.1382,3161.4976,-2.3474,-0.0742,122637268,1.53E+11,
2018/5/8,3161.4976,3169.7014,3134.0621,3135.2957,3136.6448,24.8528,0.7923,146927061,1.89E+11,
2018/5/7,3136.6448,3136.8363,3091.6579,3094.8989,3091.0334,45.6114,1.4756,138948186,1.78E+11,
2018/5/4,3091.0334,3104.0925,3086.7845,3093.1169,3100.8586,-9.8252,-0.3169,118711265,1.48E+11,
2018/5/3,3100.8586,3105.6598,3056.1573,3074.5165,3081.1773,19.6813,0.6388,139985620,1.73E+11,
2018/5/2,3081.1773,3097.6039,3064.763,3087.4086,3082.2316,-1.0543,-0.0342,134184566,1.68E+11,
2018/4/27,3082.2316,3088.0347,3049.9139,3082.4148,3075.0301,7.2015,0.2342,131225643,1.80E+11,
2018/4/26,3075.0301,3121.9334,3067.9286,3119.4962,3117.9739,-42.9438,-1.3773,133972736,1.64E+11,
2018/4/25,3117.9739,3122.9082,3107.0008,3112.3978,3128.9271,-10.9532,-0.3501,127311053,1.61E+11,
2018/4/24,3128.9271,3136.0395,3069.7455,3069.7455,3068.012,60.9151,1.9855,162274806,1.96E+11,
2018/4/23,3068.012,3085.0573,3045.9369,3063.4427,3071.5425,-3.5305,-0.1149,131686340,1.58E+11,
2018/4/20,3071.5425,3111.1707,3065.9214,3105.4617,3117.376,-45.8335,-1.4703,155147091,1.85E+11,
2018/4/19,3117.376,3127.4389,3090.2867,3094.2738,3091.3987,25.9773,0.8403,160056805,1.96E+11,
2018/4/18,3091.3987,3096.889,3041.625,3091.9095,3066.7967,24.602,0.8022,159290503,2.02E+11,
2018/4/17,3066.7967,3118.7596,3064.0281,3112.9747,3110.6489,-43.8522,-1.4097,147222846,1.85E+11,
2018/4/16,3110.6489,3153.1063,3096.1003,3152.8882,3159.0521,-48.4032,-1.5322,154415695,1.92E+11,
2018/4/13,3159.0521,3197.8959,3155.5058,3192.0418,3180.1583,-21.1062,-0.6637,127552310,1.64E+11,
2018/4/12,3180.1583,3205.2522,3177.0492,3203.2782,3208.0818,-27.9235,-0.8704,148231313,1.85E+11,
2018/4/11,3208.0818,3220.8453,3191.5865,3197.3719,3190.3216,17.7602,0.5567,175867197,2.11E+11,
2018/4/10,3190.3216,3190.6492,3139.0807,3144.2568,3138.2936,52.028,1.6578,168201359,2.06E+11,
2018/4/9,3138.2936,3146.0926,3110.3025,3125.4415,3131.1114,7.1822,0.2294,139608621,1.77E+11,
2018/4/4,3131.1114,3163.3404,3128.8668,3147.0491,3136.6332,-5.5218,-0.176,146976682,1.93E+11,
2018/4/3,3136.6332,3144.3321,3119.1321,3130.013,3163.179,-26.5458,-0.8392,152216674,1.90E+11,
2018/4/2,3163.179,3192.3403,3159.986,3169.7787,3168.8966,-5.7176,-0.1804,177727777,2.26E+11,
2018/3/30,3168.8966,3177.7208,3152.8888,3161.7856,3160.5306,8.366,0.2647,154646596,1.96E+11,
2018/3/29,3160.5306,3174.5089,3098.2465,3127.2628,3122.2895,38.2411,1.2248,170312384,2.11E+11,
2018/3/28,3122.2895,3165.2126,3117.5336,3130.5711,3166.6488,-44.3593,-1.4008,163500488,2.09E+11,
2018/3/27,3166.6488,3172.7777,3143.5695,3164.7976,3133.7218,32.927,1.0507,189073383,2.27E+11,
2018/3/26,3133.7218,3134.2759,3091.4575,3117.3192,3152.7608,-19.039,-0.6039,186366350,2.16E+11,
2018/3/23,3152.7608,3188.2351,3110.6637,3172.772,3263.4803,-110.7195,-3.3927,275532013,2.93E+11,
2018/3/22,3263.4803,3288.7967,3242.7619,3281.265,3280.9521,-17.4718,-0.5325,150432977,1.84E+11,
2018/3/21,3280.9521,3314.209,3268.8779,3299.731,3290.6399,-9.6878,-0.2944,168398277,2.09E+11,
2018/3/20,3290.6399,3292.5742,3252.4333,3257.2188,3279.2517,11.3882,0.3473,139881081,1.67E+11,
2018/3/19,3279.2517,3280.5673,3251.0471,3264.9281,3269.8821,9.3696,0.2865,137954980,1.70E+11,
2018/3/16,3269.8821,3300.5654,3269.2826,3290.209,3291.112,-21.2299,-0.6451,141203647,1.68E+11,
2018/3/15,3291.112,3297.0981,3273.2008,3277.5143,3291.3819,-0.2699,-0.0082,148573606,1.80E+11,
2018/3/14,3291.3819,3304.9787,3287.3558,3298.6655,3310.2389,-18.857,-0.5697,157491085,1.83E+11,
2018/3/13,3310.2389,3333.8754,3307.3764,3324.1215,3326.6992,-16.4603,-0.4948,177114353,2.02E+11,
2018/3/12,3326.6992,3333.5611,3313.5552,3319.2089,3307.1656,19.5336,0.5906,206532436,2.48E+11,
2018/3/9,3307.1656,3309.7153,3283.5591,3291.4258,3288.4055,18.7601,0.5705,168424509,2.02E+11,
2018/3/8,3288.4055,3289.4974,3261.5524,3268.3468,3271.6683,16.7372,0.5116,149827519,1.76E+11,
2018/3/7,3271.6683,3308.4063,3264.7639,3288.8645,3289.6419,-17.9736,-0.5464,168665019,1.93E+11,
2018/3/6,3289.6419,3290.2534,3243.654,3266.4868,3256.9263,32.7156,1.0045,195358046,2.24E+11,
2018/3/5,3256.9263,3269.3999,3236.7172,3255.8713,3254.5283,2.398,0.0737,144835988,1.74E+11,
2018/3/2,3254.5283,3269.9377,3242.2669,3248.4464,3273.7549,-19.2266,-0.5873,150861063,1.79E+11,
2018/3/1,3273.7549,3280.1491,3228.5848,3235.0887,3259.408,14.3469,0.4402,159098320,1.85E+11,
2018/2/28,3259.408,3277.8324,3239.8438,3264.0585,3292.0679,-32.6599,-0.9921,151043536,1.80E+11,
2018/2/27,3292.0679,3328.6719,3284.6293,3328.6719,3329.5737,-37.5058,-1.1264,174219368,2.04E+11,
2018/2/26,3329.5737,3335.9856,3281.615,3307.295,3289.0241,40.5496,1.2329,188568602,2.13E+11,
2018/2/23,3289.0241,3294.1338,3258.4878,3275.429,3268.5589,20.4652,0.6261,145790368,1.60E+11,
2018/2/22,3268.5589,3269.9156,3234.1152,3237.5692,3199.1589,69.4,2.1693,138730445,1.57E+11,
2018/2/14,3199.1589,3203.4967,3171.3836,3188.2475,3184.9587,14.2002,0.4459,100322827,1.15E+11,
2018/2/13,3184.9587,3219.2169,3176.1066,3176.1066,3154.1254,30.8333,0.9776,151527597,1.72E+11,
2018/2/12,3154.1254,3168.1258,3113.6054,3128.3709,3129.8508,24.2746,0.7756,153310831,1.71E+11,
2018/2/9,3129.8508,3180.11,3062.7426,3172.8509,3262.0504,-132.1996,-4.0527,256389176,2.72E+11,
2018/2/8,3262.0504,3307.1623,3225.7117,3281.0458,3309.2598,-47.2094,-1.4266,201262499,2.22E+11,
2018/2/7,3309.2598,3425.5377,3304.007,3412.7441,3370.652,-61.3922,-1.8214,260939714,2.95E+11,
2018/2/6,3370.652,3440.124,3364.2163,3418.01,3487.497,-116.845,-3.3504,280555477,3.19E+11,
2018/2/5,3487.497,3487.7211,3406.2405,3411.6698,3462.0808,25.4162,0.7341,217673754,2.52E+11,
2018/2/2,3462.0808,3463.1639,3388.8597,3419.2249,3446.9799,15.1009,0.4381,208120551,2.36E+11,
2018/2/1,3446.9799,3495.0933,3424.4188,3478.6701,3480.8334,-33.8535,-0.9726,260504707,2.93E+11,
2018/1/31,3480.8334,3495.4533,3454.7259,3470.5089,3488.009,-7.1756,-0.2057,207253403,2.43E+11,
2018/1/30,3488.009,3523.0513,3484.6556,3511.5005,3523.0007,-34.9917,-0.9932,186369975,2.25E+11,
2018/1/29,3523.0007,3587.0323,3510.2689,3563.64,3558.1288,-35.1281,-0.9873,236026965,2.85E+11,
2018/1/26,3558.1288,3574.9048,3534.1952,3535.4931,3548.307,9.8218,0.2768,222698295,2.58E+11,
2018/1/25,3548.307,3571.4805,3528.0349,3555.1677,3559.4653,-11.1583,-0.3135,243413422,2.88E+11,
2018/1/24,3559.4653,3569.4891,3527.1119,3553.4787,3546.5048,12.9605,0.3654,252954496,3.08E+11,
2018/1/23,3546.5048,3547.2222,3504.3439,3504.3439,3501.3622,45.1426,1.2893,238705904,2.82E+11,
2018/1/22,3501.3622,3503.3857,3475.673,3476.9939,3487.864,13.4982,0.387,217487534,2.61E+11,
2018/1/19,3487.864,3498.4341,3474.2915,3481.62,3474.754,13.11,0.3773,247536733,2.94E+11,
2018/1/18,3474.754,3476.546,3448.7885,3449.881,3444.6713,30.0827,0.8733,220039555,2.68E+11,
2018/1/17,3444.6713,3465.2049,3430.5114,3438.5762,3436.594,8.0773,0.235,261045030,3.17E+11,
2018/1/16,3436.594,3437.5827,3401.9606,3403.4694,3410.4882,26.1058,0.7655,211475468,2.67E+11,
2018/1/15,3410.4882,3442.5008,3402.312,3428.9508,3428.9407,-18.4525,-0.5381,232009283,2.86E+11,
2018/1/12,3428.9407,3435.4239,3417.9802,3423.8793,3425.3449,3.5958,0.105,174063404,2.16E+11,
2018/1/11,3425.3449,3426.4829,3405.639,3415.585,3421.8343,3.5106,0.1026,173812133,2.18E+11,
2018/1/10,3421.8343,3430.2139,3398.8423,3414.1128,3413.8996,7.9347,0.2324,209094997,2.55E+11,
2018/1/9,3413.8996,3417.2278,3403.5869,3406.1116,3409.4795,4.4201,0.1296,191488551,2.38E+11,
2018/1/8,3409.4795,3412.7307,3384.5591,3391.5528,3391.7501,17.7294,0.5227,236165106,2.86E+11,
2018/1/5,3391.7501,3402.0694,3380.245,3386.464,3385.7102,6.0399,0.1784,213060681,2.48E+11,
2018/1/4,3385.7102,3392.8264,3365.2954,3371,3369.1084,16.6018,0.4928,206955288,2.43E+11,
2018/1/3,3369.1084,3379.9152,3345.2887,3347.7428,3348.3259,20.7825,0.6207,213836149,2.58E+11,
2018/1/2,3348.3259,3349.053,3314.0307,3314.0307,3307.1721,41.1538,1.2444,202278860,2.28E+11,
2017/12/29,3307.1721,3308.2249,3292.7699,3295.2461,3296.3847,10.7874,0.3272,141586836,1.70E+11,
2017/12/28,3296.3847,3304.0962,3263.7282,3272.2913,3275.7828,20.6019,0.6289,175371670,2.08E+11,
2017/12/27,3275.7828,3307.0798,3270.349,3302.4612,3306.1246,-30.3418,-0.9177,162674890,1.98E+11,
2017/12/26,3306.1246,3307.2994,3274.3274,3277.8372,3280.461,25.6636,0.7823,142434501,1.75E+11,
2017/12/25,3280.461,3312.2998,3270.4407,3296.2106,3297.063,-16.602,-0.5035,146893635,1.77E+11,
2017/12/22,3297.063,3307.3276,3293.4415,3297.6852,3300.0593,-2.9963,-0.0908,124047326,1.52E+11,
2017/12/21,3300.0593,3309.2233,3267.4042,3281.1179,3287.6057,12.4536,0.3788,142127927,1.74E+11,
2017/12/20,3287.6057,3300.2124,3276.1201,3296.7403,3296.5384,-8.9327,-0.271,137745118,1.68E+11,
2017/12/19,3296.5384,3296.9398,3266.0191,3266.0191,3267.9224,28.616,0.8757,115140134,1.51E+11,
2017/12/18,3267.9224,3280.5438,3254.1775,3268.0335,3266.1371,1.7853,0.0547,120700389,1.50E+11,
2017/12/15,3266.1371,3287.5292,3259.3883,3287.5292,3292.4385,-26.3014,-0.7988,130940618,1.62E+11,
2017/12/14,3292.4385,3309.5295,3282.5732,3302.9322,3303.0373,-10.5988,-0.3209,120544235,1.51E+11,
2017/12/13,3303.0373,3304.0101,3273.3248,3278.3968,3280.8136,22.2237,0.6774,111998647,1.45E+11,
2017/12/12,3280.8136,3320.3103,3280.3291,3320.3103,3322.1956,-41.382,-1.2456,124604827,1.61E+11,
2017/12/11,3322.1956,3322.6736,3288.2949,3290.4881,3289.9924,32.2032,0.9788,131965984,1.73E+11,
2017/12/8,3289.9924,3297.1304,3258.7593,3264.4776,3272.0542,17.9382,0.5482,133209314,1.66E+11,
2017/12/7,3272.0542,3291.2817,3259.1637,3283.2791,3293.9648,-21.9106,-0.6652,132105900,1.62E+11,
2017/12/6,3293.9648,3296.2013,3254.6108,3291.3128,3303.6751,-9.7103,-0.2939,151604452,1.79E+11,
2017/12/5,3303.6751,3315.7373,3300.5117,3301.6906,3309.6183,-5.9432,-0.1796,208278862,2.43E+11,
2017/12/4,3309.6183,3323.9961,3304.1034,3310.3814,3317.6174,-7.9991,-0.2411,148053288,1.85E+11,
2017/12/1,3317.6174,3324.5161,3302.4398,3315.1051,3317.1884,0.429,0.0129,139198300,1.77E+11,
2017/11/30,3317.1884,3340.9201,3306.2832,3328.6427,3337.862,-20.6736,-0.6194,156595851,1.92E+11,
2017/11/29,3337.862,3343.0624,3305.5721,3335.5671,3333.657,4.205,0.1261,183805932,2.18E+11,
2017/11/28,3333.657,3333.7998,3300.7808,3311.2322,3322.2298,11.4272,0.344,138247799,1.67E+11,
2017/11/27,3322.2298,3347.0506,3315.2642,3346.6567,3353.8207,-31.5909,-0.9419,166439170,2.06E+11,
2017/11/24,3353.8207,3360.7459,3328.3339,3340.3842,3351.9182,1.9025,0.0568,159569663,2.08E+11,
2017/11/23,3351.9182,3429.4237,3342.3324,3425.0093,3430.4643,-78.5461,-2.2897,215265393,2.70E+11,
2017/11/22,3430.4643,3442.1777,3404.2865,3417.3313,3410.4977,19.9666,0.5854,213567093,2.74E+11,
2017/11/21,3410.4977,3419.802,3377.5989,3382.3595,3392.3988,18.0989,0.5335,196871803,2.65E+11,
2017/11/20,3392.3988,3393.1063,3337.116,3361.3563,3382.9075,9.4913,0.2806,176524683,2.28E+11,
2017/11/17,3382.9075,3403.2855,3373.2956,3392.6834,3399.2503,-16.3428,-0.4808,249458153,3.14E+11,
2017/11/16,3399.2503,3409.6532,3390.5888,3393.1937,3402.5245,-3.2742,-0.0962,156684332,2.21E+11,
2017/11/15,3402.5245,3423.7495,3396.381,3416.2112,3429.5482,-27.0237,-0.788,168792076,2.40E+11,
2017/11/14,3429.5482,3450.4949,3419.6919,3446.5453,3447.8358,-18.2876,-0.5304,196472674,2.67E+11,
2017/11/13,3447.8358,3449.1638,3435.0849,3435.1839,3432.6731,15.1627,0.4417,205389054,2.67E+11,
2017/11/10,3432.6731,3438.7924,3414.3286,3423.1846,3427.7946,4.8785,0.1423,189276503,2.56E+11,
2017/11/9,3427.7946,3428.7704,3408.6186,3410.6723,3415.4602,12.3344,0.3611,158650426,2.05E+11,
2017/11/8,3415.4602,3434.4918,3404.8811,3409.1474,3413.5748,1.8854,0.0552,185436470,2.42E+11,
2017/11/7,3413.5748,3415.1482,3387.9459,3389.4721,3388.1742,25.4006,0.7497,190571746,2.43E+11,
2017/11/6,3388.1742,3389.3826,3356.5337,3369.685,3371.7441,16.4301,0.4873,154636468,2.04E+11,
2017/11/3,3371.7441,3380.57,3347.3603,3377.7356,3383.3095,-11.5654,-0.3418,172714790,2.07E+11,
2017/11/2,3383.3095,3391.652,3372.2131,3391.652,3395.9125,-12.603,-0.3711,166864267,2.10E+11,
2017/11/1,3395.9125,3410.3519,3388.5978,3393.9678,3393.3417,2.5708,0.0758,180566127,2.32E+11,
2017/10/31,3393.3417,3397.0988,3376.1238,3380.999,3390.3371,3.0046,0.0886,153498206,2.00E+11,
2017/10/30,3390.3371,3419.7315,3357.2762,3413.8679,3416.8124,-26.4753,-0.7749,208349286,2.58E+11,
2017/10/27,3416.8124,3421.1026,3402.1141,3404.4978,3407.5671,9.2453,0.2713,170257173,2.12E+11,
2017/10/26,3407.5671,3414.2415,3391.4549,3397.519,3396.8975,10.6696,0.3141,183768625,2.39E+11,
2017/10/25,3396.8975,3398.3041,3382.0338,3384.8579,3388.2477,8.6498,0.2553,123131222,1.60E+11,
2017/10/24,3388.2477,3388.6886,3374.1246,3376.5989,3380.699,7.5487,0.2233,139897511,1.79E+11,
2017/10/23,3380.699,3385.2853,3374.705,3382.28,3378.6481,2.0509,0.0607,130846289,1.64E+11,
2017/10/20,3378.6481,3379.7652,3360.1001,3363.5138,3370.1721,8.476,0.2515,127172851,1.55E+11,
2017/10/19,3370.1721,3378.7359,3359.6284,3374.6444,3381.7937,-11.6216,-0.3437,158476495,1.88E+11,
2017/10/18,3381.7937,3383.2323,3371.9249,3373.5281,3372.0407,9.753,0.2892,157228791,1.94E+11,
2017/10/17,3372.0407,3382.4072,3365.5646,3373.2342,3378.4704,-6.4297,-0.1903,125381725,1.63E+11,
2017/10/16,3378.4704,3400.5113,3374.7687,3393.2055,3390.5233,-12.0529,-0.3555,174330620,2.22E+11,
2017/10/13,3390.5233,3395.7484,3383.2392,3384.4883,3386.1,4.4233,0.1306,139954764,1.81E+11,
2017/10/12,3386.1,3390.2036,3372.5331,3385.5329,3388.2838,-2.1838,-0.0645,161809380,2.02E+11,
2017/10/11,3388.2838,3395.7794,3379.1634,3381.488,3382.9879,5.2959,0.1565,181476704,2.31E+11,
2017/10/10,3382.9879,3384.0262,3358.7953,3373.3446,3374.3781,8.6098,0.2552,179423841,2.31E+11,
2017/10/9,3374.3781,3410.1704,3366.965,3403.2458,3348.9431,25.435,0.7595,191736057,2.27E+11,
2017/9/29,3348.9431,3357.0154,3340.3109,3340.3109,3339.6421,9.301,0.2785,144862443,1.76E+11,
2017/9/28,3339.6421,3344.6005,3336.1784,3343.8446,3345.2717,-5.6296,-0.1683,149444300,1.82E+11,
2017/9/27,3345.2717,3349.6949,3340.2989,3340.8219,3343.5826,1.6891,0.0505,143086945,1.69E+11,
2017/9/26,3343.5826,3347.1629,3332.5985,3336.3497,3341.5487,2.0339,0.0609,132628595,1.59E+11,
2017/9/25,3341.5487,3350.9612,3334.9438,3344.5886,3352.5294,-10.9807,-0.3275,169621293,2.02E+11,
2017/9/22,3352.5294,3356.4514,3334.9846,3347.1569,3357.8123,-5.2829,-0.1573,179234007,2.07E+11,
2017/9/21,3357.8123,3377.8844,3356.8754,3364.6977,3365.9959,-8.1836,-0.2431,197448695,2.32E+11,
2017/9/20,3365.9959,3370.0978,3346.5356,3352.1848,3356.8446,9.1513,0.2726,192196661,2.26E+11,
2017/9/19,3356.8446,3370.4009,3344.7054,3365.5315,3362.8587,-6.0141,-0.1788,191129691,2.21E+11,
2017/9/18,3362.8587,3371.7486,3352.5134,3352.5134,3353.6192,9.2395,0.2755,190319676,2.28E+11,
2017/9/15,3353.6192,3365.5277,3345.3283,3365.1454,3371.4256,-17.8064,-0.5282,219765816,2.53E+11,
2017/9/14,3371.4256,3391.6435,3361.3335,3383.47,3384.147,-12.7214,-0.3759,221306487,2.57E+11,
2017/9/13,3384.147,3387.1397,3366.5412,3374.7185,3379.488,4.659,0.1379,194550715,2.31E+11,
2017/9/12,3379.488,3391.0694,3370.8519,3381.487,3376.4188,3.0692,0.0909,272910319,3.25E+11,
2017/9/11,3376.4188,3384.81,3360.0462,3365.3506,3365.2426,11.1762,0.3321,219011019,2.57E+11,
2017/9/8,3365.2426,3380.8898,3353.6876,3364.4275,3365.4974,-0.2548,-0.0076,198405184,2.35E+11,
2017/9/7,3365.4974,3387.7956,3363.1765,3383.6281,3385.3888,-19.8914,-0.5876,221118685,2.64E+11,
2017/9/6,3385.3888,3391.0105,3364.7645,3372.4277,3384.317,1.0718,0.0317,229090785,2.62E+11,
2017/9/5,3384.317,3390.8233,3371.5706,3377.1968,3379.583,4.734,0.1401,216552946,2.46E+11,
2017/9/4,3379.583,3381.4027,3359.1309,3369.7185,3367.1194,12.4636,0.3702,267427849,2.96E+11,
2017/9/1,3367.1194,3381.9252,3358.4724,3365.9913,3360.8103,6.3091,0.1877,282497584,3.14E+11,
2017/8/31,3360.8103,3367.3581,3340.6865,3361.4621,3363.6266,-2.8163,-0.0837,234419781,2.69E+11,
2017/8/30,3363.6266,3376.6481,3357.0803,3361.8207,3365.2261,-1.5995,-0.0475,246863312,2.80E+11,
2017/8/29,3365.2261,3374.5947,3354.4627,3362.0604,3362.6514,2.5747,0.0766,219504535,2.69E+11,
2017/8/28,3362.6514,3375.0339,3336.1264,3336.1264,3331.5221,31.1293,0.9344,257461438,3.05E+11,
2017/8/25,3331.5221,3331.9146,3271.4608,3271.4608,3271.5117,60.0104,1.8343,205839482,2.27E+11,
2017/8/24,3271.5117,3297.9886,3266.3589,3287.9594,3287.7049,-16.1932,-0.4925,163468937,1.86E+11,
2017/8/23,3287.7049,3299.4572,3274.4404,3283.7966,3290.2257,-2.5208,-0.0766,179832208,2.04E+11,
2017/8/22,3290.2257,3293.476,3274.941,3287.6147,3286.9055,3.3202,0.101,186537991,2.23E+11,
2017/8/21,3286.9055,3287.5186,3270.4753,3274.5805,3268.7243,18.1812,0.5562,186122483,2.10E+11,
2017/8/18,3268.7243,3275.0763,3248.0833,3253.2434,3268.4298,0.2945,0.009,191122483,2.18E+11,
2017/8/17,3268.4298,3269.1389,3251.4593,3253.8455,3246.4512,21.9786,0.677,203622551,2.28E+11,
2017/8/16,3246.4512,3248.785,3228.8705,3247.8525,3251.2617,-4.8105,-0.148,176852051,2.01E+11,
2017/8/15,3251.2617,3263.5892,3235.1013,3235.2298,3237.3602,13.9015,0.4294,182297997,2.05E+11,
2017/8/14,3237.3602,3240.0517,3206.0436,3206.0436,3208.5413,28.8189,0.8982,190346796,2.09E+11,
2017/8/11,3208.5413,3245.1163,3200.7481,3237.9222,3261.7494,-53.2081,-1.6313,262962995,2.67E+11,
2017/8/10,3261.7494,3282.519,3236.1829,3269.7347,3275.573,-13.8236,-0.422,240684622,2.52E+11,
2017/8/9,3275.573,3277.9433,3263.8468,3277.8083,3281.8728,-6.2998,-0.192,235597907,2.38E+11,
2017/8/8,3281.8728,3285.4833,3269.6582,3277.1887,3279.4566,2.4162,0.0737,252043537,2.56E+11,
2017/8/7,3279.4566,3280.1035,3243.7153,3257.67,3262.0809,17.3757,0.5327,231173379,2.32E+11,
2017/8/4,3262.0809,3287.1929,3261.3066,3269.3182,3272.9286,-10.8477,-0.3314,275906340,2.86E+11,
2017/8/3,3272.9286,3293.3686,3262.1554,3279.9864,3285.0568,-12.1282,-0.3692,233277004,2.44E+11,
2017/8/2,3285.0568,3305.4313,3282.0377,3288.5183,3292.6383,-7.5815,-0.2303,266730628,2.79E+11,
2017/8/1,3292.6383,3292.6383,3273.5038,3274.3685,3273.0283,19.61,0.5991,237194594,2.56E+11,
2017/7/31,3273.0283,3276.9461,3251.1941,3252.7519,3253.2404,19.7879,0.6083,246039440,2.54E+11,
2017/7/28,3253.2404,3256.3706,3232.9634,3240.1728,3249.7814,3.459,0.1064,182226880,1.98E+11,
2017/7/27,3249.7814,3251.9261,3220.6366,3243.765,3247.6748,2.1066,0.0649,228485945,2.43E+11,
2017/7/26,3247.6748,3264.8483,3228.0389,3244.4608,3243.6894,3.9854,0.1229,213542005,2.28E+11,
2017/7/25,3243.6894,3261.6454,3233.1376,3249.1376,3250.5989,-6.9095,-0.2126,205573873,2.13E+11,
2017/7/24,3250.5989,3261.1046,3230.0705,3230.898,3237.9817,12.6172,0.3897,233056399,2.51E+11,
2017/7/21,3237.9817,3247.7122,3231.9556,3236.5881,3244.8647,-6.883,-0.2121,206003251,2.22E+11,
2017/7/20,3244.8647,3246.236,3225.4328,3227.5056,3230.9762,13.8885,0.4299,232108392,2.46E+11,
2017/7/19,3230.9762,3232.9408,3179.73,3181.4015,3187.5672,43.409,1.3618,272420726,2.70E+11,
2017/7/18,3187.5672,3187.671,3150.1284,3159.7318,3176.4648,11.1024,0.3495,190623060,1.96E+11,
2017/7/17,3176.4648,3230.354,3139.5035,3219.7914,3222.4168,-45.952,-1.426,266205274,2.75E+11,
2017/7/14,3222.4168,3222.9784,3204.8529,3212.0316,3218.1632,4.2536,0.1322,160126773,1.74E+11,
2017/7/13,3218.1632,3219.2683,3190.3393,3192.3615,3197.5439,20.6193,0.6448,195303611,2.11E+11,
2017/7/12,3197.5439,3215.1962,3177.9346,3201.9292,3203.0375,-5.4936,-0.1715,186900880,2.02E+11,
2017/7/11,3203.0375,3226.908,3199.2235,3201.5169,3212.6319,-9.5944,-0.2986,187837262,2.05E+11,
2017/7/10,3212.6319,3223.3402,3203.2089,3208.4627,3217.9567,-5.3248,-0.1655,198928010,2.23E+11,
2017/7/7,3217.9567,3219.5232,3195.2905,3203.8225,3212.444,5.5127,0.1716,176715416,2.02E+11,
2017/7/6,3212.444,3215.95,3188.7733,3203.8631,3207.1342,5.3098,0.1656,175809287,2.02E+11,
2017/7/5,3207.1342,3207.3095,3174.7081,3179.2169,3182.8039,24.3303,0.7644,148296483,1.74E+11,
2017/7/4,3182.8039,3193.0644,3174.314,3192.8885,3195.9116,-13.1077,-0.4101,141114967,1.61E+11,
2017/7/3,3195.9116,3196.2861,3177.0244,3191.9982,3192.4269,3.4847,0.1092,140305717,1.57E+11,
2017/6/30,3192.4269,3193.2411,3171.5703,3176.9481,3188.0625,4.3644,0.1369,121464543,1.43E+11,
2017/6/29,3188.0625,3188.7741,3174.2835,3174.9811,3173.2014,14.8611,0.4683,128755470,1.47E+11,
2017/6/28,3173.2014,3193.4397,3170.7859,3183.6334,3191.1969,-17.9955,-0.5639,146516720,1.62E+11,
2017/6/27,3191.1969,3193.4613,3172.463,3183.4198,3185.4439,5.753,0.1806,148201198,1.68E+11,
2017/6/26,3185.4439,3187.8891,3156.9767,3157.0022,3157.873,27.5709,0.8731,173579211,2.00E+11,
2017/6/23,3157.873,3158.0474,3118.0946,3138.4441,3147.4532,10.4198,0.3311,154843648,1.76E+11,
2017/6/22,3147.4532,3186.9823,3146.6432,3152.2424,3156.2118,-8.7586,-0.2775,191344006,2.20E+11,
2017/6/21,3156.2118,3157.0275,3132.6173,3148.9861,3140.0136,16.1982,0.5159,136688268,1.67E+11,
2017/6/20,3140.0136,3150.4646,3134.6106,3148.0187,3144.3739,-4.3603,-0.1387,141191802,1.62E+11,
2017/6/19,3144.3739,3146.7703,3121.7787,3122.1578,3123.1662,21.2077,0.679,134891758,1.52E+11,
2017/6/16,3123.1662,3134.2511,3117.8567,3126.3728,3132.4863,-9.3201,-0.2975,129652758,1.49E+11,
2017/6/15,3132.4863,3137.5854,3117.084,3125.5865,3130.674,1.8123,0.0579,146954245,1.71E+11,
2017/6/14,3130.674,3149.1731,3125.3546,3146.748,3153.7429,-23.0689,-0.7315,138347042,1.61E+11,
2017/6/13,3153.7429,3155.9895,3131.0431,3134.0089,3139.8766,13.8663,0.4416,128318279,1.48E+11,
2017/6/12,3139.8766,3164.9502,3135.314,3149.5266,3158.4004,-18.5238,-0.5865,146729425,1.70E+11,
2017/6/9,3158.4004,3165.9197,3146.1075,3147.4533,3150.3336,8.0668,0.2561,160136334,1.82E+11,
2017/6/8,3150.3336,3153.2635,3132.8278,3136.4705,3140.3249,10.0087,0.3187,152277659,1.79E+11,
2017/6/7,3140.3249,3140.7743,3098.9508,3101.7608,3102.126,38.1989,1.2314,173229014,1.94E+11,
2017/6/6,3102.126,3102.8633,3078.7872,3084.5401,3091.6561,10.4699,0.3387,113439963,1.28E+11,
2017/6/5,3091.6561,3105.5056,3084.8301,3102.1095,3105.54,-13.8839,-0.4471,132570300,1.43E+11,
2017/6/2,3105.54,3110.3891,3081.8485,3094.2253,3102.6232,2.9168,0.094,142504925,1.54E+11,
2017/6/1,3102.6232,3113.5212,3097.6794,3108.4214,3117.1778,-14.5546,-0.4669,163015719,1.81E+11,
2017/5/31,3117.1778,3143.2787,3111.5563,3125.3252,3110.0587,7.1191,0.2289,152950430,1.78E+11,
2017/5/26,3110.0587,3120.6627,3100.3877,3101.2864,3107.8311,2.2276,0.0717,155923486,1.71E+11,
2017/5/25,3107.8311,3114.6578,3052.8309,3055.3425,3064.0759,43.7552,1.428,191391841,2.02E+11,
2017/5/24,3064.0759,3064.8127,3022.3026,3047.5681,3061.947,2.1289,0.0695,139813353,1.53E+11,
2017/5/23,3061.947,3084.2352,3050.8423,3069.3935,3075.6756,-13.7286,-0.4464,178310599,1.95E+11,
2017/5/22,3075.6756,3103.9375,3063.1529,3087.1705,3090.6309,-14.9553,-0.4839,153683730,1.70E+11,
2017/5/19,3090.6309,3095.4826,3081.278,3086.7054,3090.139,0.4919,0.0159,129635230,1.50E+11,
2017/5/18,3090.139,3103.4413,3077.9631,3082.3288,3104.4415,-14.3025,-0.4607,148620035,1.68E+11,
2017/5/17,3104.4415,3119.5816,3101.2953,3107.802,3112.9642,-8.5227,-0.2738,168674158,1.95E+11,
2017/5/16,3112.9642,3113.5116,3060.5344,3082.8717,3090.2289,22.7353,0.7357,173775564,1.93E+11,
2017/5/15,3090.2289,3098.9125,3085.9319,3085.9319,3083.5132,6.7157,0.2178,135660728,1.58E+11,
2017/5/12,3083.5132,3090.4914,3051.8713,3054.1123,3061.5003,22.0129,0.719,159684099,1.75E+11,
2017/5/11,3061.5003,3063.5637,3016.5305,3036.7891,3052.785,8.7153,0.2855,191341901,1.98E+11,
2017/5/10,3052.785,3090.8191,3051.5896,3078.1728,3080.5269,-27.7419,-0.9006,160794452,1.82E+11,
2017/5/9,3080.5269,3084.2077,3056.558,3064.8484,3078.6129,1.914,0.0622,135066674,1.53E+11,
2017/5/8,3078.6129,3093.4516,3067.6943,3090.0652,3103.0378,-24.4249,-0.7871,180526904,1.98E+11,
2017/5/5,3103.0378,3117.6141,3092.0918,3114.7735,3127.3687,-24.3309,-0.778,176213641,2.00E+11,
2017/5/4,3127.3687,3143.8179,3111.3912,3127.1058,3135.346,-7.9773,-0.2544,177967485,2.00E+11,
2017/5/3,3135.346,3148.2857,3123.7509,3138.3068,3143.7121,-8.3661,-0.2661,163763924,1.90E+11,
2017/5/2,3143.7121,3154.7812,3136.5391,3147.2275,3154.6584,-10.9463,-0.347,154222962,1.76E+11,
2017/4/28,3154.6584,3154.7266,3136.5781,3144.0219,3152.1869,2.4715,0.0784,162889899,1.83E+11,
2017/4/27,3152.1869,3155.0033,3097.3334,3131.3496,3140.8471,11.3398,0.361,211793073,2.36E+11,
2017/4/26,3140.8471,3152.9534,3131.418,3132.9181,3134.5674,6.2797,0.2003,169878107,1.97E+11,
2017/4/25,3134.5674,3145.2672,3117.4488,3123.8943,3129.5312,5.0362,0.1609,153418307,1.74E+11,
2017/4/24,3129.5312,3164.2479,3111.2145,3164.2479,3173.1512,-43.62,-1.3747,186277434,1.98E+11,
2017/4/21,3173.1512,3180.7944,3158.6286,3170.2899,3172.1003,1.0509,0.0331,164761740,1.84E+11,
2017/4/20,3172.1003,3178.1826,3148.1844,3165.665,3170.6867,1.4136,0.0446,190873985,2.20E+11,
2017/4/19,3170.6867,3189.4368,3147.0655,3184.666,3196.7133,-26.0266,-0.8142,213238075,2.26E+11,
2017/4/18,3196.7133,3225.0546,3196.4884,3215.3963,3222.1673,-25.454,-0.79,188661353,2.12E+11,
2017/4/17,3222.1673,3229.9491,3199.9121,3229.9491,3246.0668,-23.8995,-0.7363,212737189,2.27E+11,
2017/4/14,3246.0668,3276.7112,3238.8959,3276.1381,3275.9603,-29.8935,-0.9125,214508558,2.24E+11,
2017/4/13,3275.9603,3281.1369,3261.4901,3265.2181,3273.8301,2.1302,0.0651,207346875,2.23E+11,
2017/4/12,3273.8301,3284.9338,3262.2773,3283.8369,3288.9657,-15.1356,-0.4602,269381790,3.12E+11,
2017/4/11,3288.9657,3290.3887,3244.4047,3266.2219,3269.3926,19.5731,0.5987,281281248,3.27E+11,
2017/4/10,3269.3926,3285.4594,3265.0121,3285.4594,3286.616,-17.2234,-0.524,232694616,2.79E+11,
2017/4/7,3286.616,3295.187,3275.0507,3280.6239,3281.0047,5.6113,0.171,236108942,2.67E+11,
2017/4/6,3281.0047,3286.6739,3265.7645,3272.1926,3270.3054,10.6993,0.3272,245287999,2.62E+11,
2017/4/5,3270.3054,3270.6453,3233.2367,3235.6603,3222.5142,47.7912,1.483,248320202,2.73E+11,
2017/3/31,3222.5142,3226.2483,3205.5365,3206.2529,3210.2369,12.2773,0.3824,196442922,2.14E+11,
2017/3/30,3210.2369,3240.0174,3195.8524,3235.1369,3241.3144,-31.0775,-0.9588,247135479,2.66E+11,
2017/3/29,3241.3144,3262.0976,3233.2795,3252.8653,3252.9479,-11.6335,-0.3576,216105575,2.45E+11,
2017/3/28,3252.9479,3265.6344,3246.0861,3265.6344,3266.9552,-14.0073,-0.4288,161710013,2.03E+11,
2017/3/27,3266.9552,3283.2393,3262.1184,3268.924,3269.4451,-2.4899,-0.0762,201852675,2.49E+11,
2017/3/24,3269.4451,3275.2066,3241.1233,3247.3495,3248.5495,20.8956,0.6432,219777914,2.67E+11,
2017/3/23,3248.5495,3262.0914,3221.9344,3245.8078,3245.2198,3.3297,0.1026,193029144,2.58E+11,
2017/3/22,3245.2198,3255.7779,3229.1283,3246.2233,3261.6108,-16.391,-0.5025,189731649,2.45E+11,
2017/3/21,3261.6108,3262.2209,3246.6959,3250.2473,3250.8082,10.8026,0.3323,162719306,2.19E+11,
2017/3/20,3250.8082,3251.1271,3228.1177,3241.1101,3237.4471,13.3611,0.4127,170548430,2.14E+11,
2017/3/17,3237.4471,3274.1903,3232.2806,3271.8665,3268.9354,-31.4883,-0.9633,200583223,2.62E+11,
2017/3/16,3268.9354,3269.77,3247.1628,3247.1628,3241.7597,27.1757,0.8383,189416002,2.45E+11,
2017/3/15,3241.7597,3243.713,3227.7377,3235.403,3239.3278,2.4319,0.0751,144055682,1.86E+11,
2017/3/14,3239.3278,3246.3285,3231.5209,3235.2515,3237.0244,2.3034,0.0712,146946022,1.92E+11,
2017/3/13,3237.0244,3237.1212,3193.1565,3209.4492,3212.7601,24.2643,0.7552,163673760,2.07E+11,
2017/3/10,3212.7601,3222.3189,3208.4472,3213.7294,3216.7457,-3.9856,-0.1239,136672743,1.74E+11,
2017/3/9,3216.7457,3233.8749,3205.2794,3233.7007,3240.6646,-23.9189,-0.7381,167371108,1.99E+11,
2017/3/8,3240.6646,3245.3043,3230.6083,3240.5323,3242.4063,-1.7417,-0.0537,160731388,1.98E+11,
2017/3/7,3242.4063,3242.6591,3226.8219,3233.0939,3233.8657,8.5406,0.2641,164064235,2.10E+11,
2017/3/6,3233.8657,3234.6626,3215.067,3217.3345,3218.3118,15.5539,0.4833,156092158,1.94E+11,
2017/3/3,3218.3118,3221.1553,3206.6127,3219.2019,3230.0281,-11.7163,-0.3627,157082368,1.93E+11,
2017/3/2,3230.0281,3256.8074,3228.6647,3250.5183,3246.9335,-16.9054,-0.5207,181215076,2.23E+11,
2017/3/1,3246.9335,3259.9781,3237.8714,3240.0726,3241.7331,5.2004,0.1604,190677550,2.26E+11,
2017/2/28,3241.7331,3242.679,3225.9689,3225.9689,3228.6602,13.0729,0.4049,151244318,1.86E+11,
2017/2/27,3228.6602,3251.6543,3224.0884,3249.1945,3253.4327,-24.7725,-0.7614,182581071,2.11E+11,
2017/2/24,3253.4327,3253.9556,3233.5348,3246.8603,3251.375,2.0577,0.0633,186406362,2.14E+11,
2017/2/23,3251.375,3264.0819,3236.3549,3258.8319,3261.2184,-9.8434,-0.3018,209179800,2.37E+11,
2017/2/22,3261.2184,3261.3808,3243.8398,3252.6898,3253.3257,7.8927,0.2426,207453776,2.35E+11,
2017/2/21,3253.3257,3254.3355,3239.8775,3242.2226,3239.9613,13.3644,0.4125,211673066,2.34E+11,
2017/2/20,3239.9613,3241.458,3198.9633,3198.9633,3202.0756,37.8857,1.1832,232152096,2.50E+11,
2017/2/17,3202.0756,3238.3959,3199.4248,3227.7073,3229.6184,-27.5428,-0.8528,226228177,2.49E+11,
2017/2/16,3229.6184,3230.2754,3207.7852,3210.3567,3212.9857,16.6327,0.5177,216955942,2.27E+11,
2017/2/15,3212.9857,3235.9977,3206.5606,3215.4639,3217.928,-4.9423,-0.1536,241507706,2.58E+11,
2017/2/14,3217.928,3219.4047,3205.2853,3216.137,3216.8394,1.0886,0.0338,188798088,2.04E+11,
2017/2/13,3216.8394,3219.4072,3198.9946,3198.9946,3196.699,20.1404,0.63,220191508,2.36E+11,
2017/2/10,3196.699,3205.049,3182.8021,3183.0069,3183.1794,13.5196,0.4247,239348913,2.46E+11,
2017/2/9,3183.1794,3186.838,3162.5744,3164.6875,3166.9818,16.1976,0.5115,191640327,2.10E+11,
2017/2/8,3166.9818,3167.4465,3132.0333,3148.086,3153.0878,13.894,0.4406,144920187,1.71E+11,
2017/2/7,3153.0878,3159.544,3140.0356,3154.4046,3156.9838,-3.896,-0.1234,128337442,1.53E+11,
2017/2/6,3156.9838,3158.8433,3135.3869,3143.0931,3140.17,16.8138,0.5354,127198283,1.50E+11,
2017/2/3,3140.17,3162.6771,3136.013,3160.0816,3159.166,-18.996,-0.6013,92224736,1.08E+11,
2017/1/26,3159.166,3163.1041,3148.9083,3149.2167,3149.5547,9.6113,0.3052,113876772,1.25E+11,
2017/1/25,3149.5547,3151.4723,3133.1911,3137.6462,3142.5533,7.0014,0.2228,112073827,1.27E+11,
2017/1/24,3142.5533,3149.5312,3131.2181,3134.5921,3136.7748,5.7785,0.1842,125973881,1.35E+11,
2017/1/23,3136.7748,3145.8411,3125.4209,3125.4209,3123.1389,13.6359,0.4366,132660392,1.48E+11,
2017/1/20,3123.1389,3125.6599,3095.2147,3095.8185,3101.2992,21.8397,0.7042,122366777,1.41E+11,
2017/1/19,3101.2992,3115.7778,3094.0055,3104.9715,3113.0123,-11.7131,-0.3763,123851420,1.39E+11,
2017/1/18,3113.0123,3123.7203,3098.5864,3104.7664,3108.7746,4.2377,0.1363,131780128,1.45E+11,
2017/1/17,3108.7746,3108.9072,3072.3384,3087.0295,3103.428,5.3466,0.1723,136157861,1.55E+11,
2017/1/16,3103.428,3105.1423,3044.2912,3104.4924,3112.7644,-9.3364,-0.2999,257885996,2.63E+11,
2017/1/13,3112.7644,3130.5146,3102.1628,3116.0827,3119.2886,-6.5242,-0.2092,156274214,1.74E+11,
2017/1/12,3119.2886,3144.9699,3115.9787,3133.6015,3136.7535,-17.4649,-0.5568,148889240,1.62E+11,
2017/1/11,3136.7535,3167.0288,3136.2667,3156.6856,3161.6713,-24.9178,-0.7881,178362221,1.89E+11,
2017/1/10,3161.6713,3174.5781,3157.3322,3167.5701,3171.2362,-9.5649,-0.3016,179759216,1.95E+11,
2017/1/9,3171.2362,3173.136,3147.7351,3148.5317,3154.321,16.9152,0.5363,171714075,1.92E+11,
2017/1/6,3154.321,3172.0347,3153.0253,3163.7761,3165.4109,-11.0899,-0.3503,183708966,2.07E+11,
2017/1/5,3165.4109,3168.5021,3154.281,3157.9063,3158.794,6.6169,0.2095,174727645,2.00E+11,
2017/1/4,3158.794,3160.1029,3130.1145,3133.7873,3135.9208,22.8732,0.7294,167860850,1.96E+11,
2017/1/3,3135.9208,3136.4558,3105.3085,3105.3085,3103.6373,32.2835,1.0402,141567187,1.60E+11,
2016/12/30,3103.6373,3108.8393,3089.9894,3097.3454,3096.0968,7.5405,0.2435,133267130,1.52E+11,
2016/12/29,3096.0968,3111.7994,3087.344,3095.8447,3102.2357,-6.1389,-0.1979,132623292,1.50E+11,
2016/12/28,3102.2357,3118.7818,3094.5488,3113.7671,3114.664,-12.4283,-0.399,135727087,1.54E+11,
2016/12/27,3114.664,3127.8828,3113.7451,3117.3868,3122.569,-7.905,-0.2532,141528939,1.62E+11,
2016/12/26,3122.569,3122.8812,3068.415,3095.5787,3110.1544,12.4146,0.3992,152571881,1.71E+11,
2016/12/23,3110.1544,3138.404,3103.7476,3134.9292,3139.558,-29.4036,-0.9366,166176769,1.89E+11,
2016/12/22,3139.558,3143.1685,3126.8872,3132.1558,3137.4297,2.1283,0.0678,167804990,1.86E+11,
2016/12/21,3137.4297,3140.2512,3107.2396,3107.2396,3102.8759,34.5538,1.1136,186706607,2.04E+11,
2016/12/20,3102.8759,3117.0145,3084.7997,3115.8984,3118.0846,-15.2087,-0.4878,157426759,1.72E+11,
2016/12/19,3118.0846,3125.284,3110.0817,3120.6963,3122.9815,-4.8969,-0.1568,154169716,1.75E+11,
2016/12/16,3122.9815,3128.8735,3106.3464,3111.5145,3117.677,5.3045,0.1701,164988699,1.90E+11,
2016/12/15,3117.677,3138.7793,3100.9128,3125.7568,3140.5308,-22.8538,-0.7277,189990626,2.13E+11,
2016/12/14,3140.5308,3170.0208,3136.348,3149.3774,3155.0374,-14.5066,-0.4598,201358887,2.19E+11,
2016/12/13,3155.0374,3162.496,3118.7121,3138.9881,3152.9704,2.067,0.0656,185164495,2.03E+11,
2016/12/12,3152.9704,3245.0946,3149.8955,3233.6661,3232.8834,-79.913,-2.4719,274708461,2.94E+11,
2016/12/9,3232.8834,3244.8013,3207.0433,3209.3395,3215.3658,17.5176,0.5448,204023956,2.26E+11,
2016/12/8,3215.3658,3228.122,3211.4712,3225.5499,3222.2415,-6.8757,-0.2134,170710173,1.98E+11,
2016/12/7,3222.2415,3222.428,3189.485,3198.4748,3199.6473,22.5942,0.7061,169072847,1.89E+11,
2016/12/6,3199.6473,3215.3114,3196.5248,3202.0293,3204.7092,-5.0619,-0.158,157572693,1.77E+11,
2016/12/5,3204.7092,3219.5181,3194.8785,3203.7844,3243.8432,-39.134,-1.2064,223010394,2.39E+11,
2016/12/2,3243.8432,3279.7137,3235.277,3270.1205,3273.3093,-29.4661,-0.9002,259567205,2.82E+11,
2016/12/1,3273.3093,3279.6707,3256.2555,3257.0268,3250.0344,23.2749,0.7161,237759864,2.62E+11,
2016/11/30,3250.0344,3277.2694,3239.5206,3272.1422,3282.9238,-32.8894,-1.0018,243576053,2.63E+11,
2016/11/29,3282.9238,3301.2133,3263.3973,3269.2339,3276.9996,5.9242,0.1808,320836287,3.48E+11,
2016/11/28,3276.9996,3288.3372,3267.6736,3270.0471,3261.9378,15.0618,0.4617,281551253,3.00E+11,
2016/11/25,3261.9378,3262.4379,3209.5979,3241.2433,3241.7359,20.2019,0.6232,233921601,2.59E+11,
2016/11/24,3241.7359,3257.8574,3232.869,3237.428,3241.1366,0.5993,0.0185,232324527,2.67E+11,
2016/11/23,3241.1366,3262.8788,3231.5863,3247.9448,3248.3517,-7.2151,-0.2221,249959592,2.78E+11,
2016/11/22,3248.3517,3249.6765,3220.9825,3220.9825,3218.1477,30.204,0.9386,261631547,2.92E+11,
2016/11/21,3218.1477,3229.7568,3188.2799,3188.4964,3192.8559,25.2918,0.7921,230652844,2.63E+11,
2016/11/18,3192.8559,3212.394,3187.4963,3207.1933,3208.4525,-15.5966,-0.4861,209826639,2.35E+11,
2016/11/17,3208.4525,3211.0527,3187.2056,3198.4985,3205.0572,3.3953,0.1059,214206240,2.27E+11,
2016/11/16,3205.0572,3210.8927,3195.4105,3208.4973,3206.9858,-1.9286,-0.0601,221766993,2.45E+11,
2016/11/15,3206.9858,3214.292,3195.0353,3209.9546,3210.371,-3.3852,-0.1054,240886350,2.67E+11,
2016/11/14,3210.371,3221.4584,3186.7956,3187.7093,3196.0436,14.3274,0.4483,329608313,3.47E+11,
2016/11/11,3196.0436,3202.7401,3166.0696,3169.4007,3171.282,24.7616,0.7808,310854579,3.44E+11,
2016/11/10,3171.282,3172.3085,3148.544,3148.544,3128.3702,42.9118,1.3717,244192602,2.86E+11,
2016/11/9,3128.3702,3146.9497,3096.9466,3146.0775,3147.8875,-19.5173,-0.62,241114958,2.77E+11,
2016/11/8,3147.8875,3156.8812,3134.9547,3140.9435,3133.3326,14.5549,0.4645,190846979,2.22E+11,
2016/11/7,3133.3326,3139.2017,3117.0961,3124.892,3125.3167,8.0159,0.2565,179418490,2.11E+11,
2016/11/4,3125.3167,3141.3337,3119.5354,3126.3489,3128.9356,-3.6189,-0.1157,197683197,2.39E+11,
2016/11/3,3128.9356,3140.9298,3094.1025,3096.765,3102.7326,26.203,0.8445,222986260,2.66E+11,
2016/11/2,3102.7326,3118.9773,3099.8196,3115.7291,3122.4356,-19.703,-0.631,182722067,2.22E+11,
2016/11/1,3122.4356,3122.6147,3097.0423,3101.6639,3100.492,21.9436,0.7077,160232032,1.96E+11,
2016/10/31,3100.492,3102.3015,3081.0722,3097.1881,3104.2703,-3.7783,-0.1217,151506764,1.78E+11,
2016/10/28,3104.2703,3128.6427,3101.2371,3111.7035,3112.3498,-8.0795,-0.2596,181774123,2.13E+11,
2016/10/27,3112.3498,3114.7587,3100.3918,3112.6028,3116.3119,-3.9621,-0.1271,158008789,1.82E+11,
2016/10/26,3116.3119,3129.8382,3110.3874,3129.8382,3131.9385,-15.6266,-0.4989,191663263,2.16E+11,
2016/10/25,3131.9385,3132.5046,3121.0499,3127.9684,3128.2467,3.6918,0.118,203380898,2.21E+11,
2016/10/24,3128.2467,3137.0335,3090.7864,3092.0466,3090.9412,37.3055,1.2069,240522349,2.50E+11,
2016/10/21,3090.9412,3101.8486,3069.2669,3081.3891,3084.4577,6.4835,0.2102,187388072,2.02E+11,
2016/10/20,3084.4577,3089.682,3076.2949,3084.9076,3084.7189,-0.2612,-0.0085,160691364,1.78E+11,
2016/10/19,3084.7189,3096.2228,3076.7705,3085.749,3083.8751,0.8438,0.0274,182470143,1.97E+11,
2016/10/18,3083.8751,3084.1867,3037.4036,3037.4036,3041.1663,42.7088,1.4044,182042460,1.96E+11,
2016/10/17,3041.1663,3068.812,3033.7532,3064.691,3063.8086,-22.6423,-0.739,163733265,1.81E+11,
2016/10/14,3063.8086,3064.7895,3043.1841,3056.9927,3061.3458,2.4628,0.0804,155373705,1.64E+11,
2016/10/13,3061.3458,3064.9989,3052.6403,3057.9724,3058.4981,2.8477,0.0931,154756725,1.66E+11,
2016/10/12,3058.4981,3060.5142,3048.8881,3057.3163,3065.2497,-6.7516,-0.2203,142493577,1.60E+11,
2016/10/11,3065.2497,3066.104,3048.0175,3051.6216,3048.1428,17.1069,0.5612,167273496,1.84E+11,
2016/10/10,3048.1428,3048.2358,3014.6198,3020.4566,3004.703,43.4398,1.4457,160051104,1.76E+11,
2016/9/30,3004.703,3009.1953,2993.0617,2994.2507,2998.4827,6.2203,0.2074,101333562,1.13E+11,
2016/9/29,2998.4827,3009.1984,2991.9088,2992.1683,2987.8576,10.6251,0.3556,113213919,1.23E+11,
2016/9/28,2987.8576,3000.6954,2984.3206,3000.6954,2998.1723,-10.3147,-0.344,104625697,1.16E+11,
2016/9/27,2998.1723,2998.2333,2969.1321,2974.593,2980.4295,17.7428,0.5953,121701450,1.33E+11,
2016/9/26,2980.4295,3028.2428,2980.1169,3028.2428,3033.8956,-53.4661,-1.7623,144330286,1.62E+11,
2016/9/23,3033.8956,3046.8047,3032.8023,3044.7858,3042.3132,-8.4176,-0.2767,125590976,1.47E+11,
2016/9/22,3042.3132,3054.4351,3035.0703,3038.422,3025.8736,16.4396,0.5433,139309554,1.59E+11,
2016/9/21,3025.8736,3032.4503,3017.5408,3021.5762,3022.9995,2.8741,0.0951,115721213,1.34E+11,
2016/9/20,3022.9995,3027.8165,3015.8804,3027.1717,3026.0513,-3.0518,-0.1009,118924117,1.40E+11,
2016/9/19,3026.0513,3026.6512,3005.3228,3005.3228,3002.8486,23.2027,0.7727,119225027,1.33E+11,
2016/9/14,3002.8486,3017.9447,2995.4156,3008.9044,3023.5095,-20.6609,-0.6833,133413401,1.48E+11,
2016/9/13,3023.5095,3029.7208,3008.7405,3025.0345,3021.9771,1.5324,0.0507,135387580,1.53E+11,
2016/9/12,3021.9771,3040.9522,2999.9288,3037.5073,3078.8548,-56.8777,-1.8474,206012086,2.22E+11,
2016/9/9,3078.8548,3101.7922,3078.2183,3095.4269,3095.9543,-17.0995,-0.5523,160692924,1.82E+11,
2016/9/8,3095.9543,3096.7832,3083.9015,3089.9529,3091.9281,4.0262,0.1302,145883771,1.66E+11,
2016/9/7,3091.9281,3105.6775,3087.8794,3091.3287,3090.7127,1.2154,0.0393,186956763,2.07E+11,
2016/9/6,3090.7127,3095.5092,3053.1868,3071.0554,3072.0953,18.6174,0.606,172908524,1.93E+11,
2016/9/5,3072.0953,3085.4853,3065.329,3070.707,3067.352,4.7433,0.1546,144963317,1.61E+11,
2016/9/2,3067.352,3072.5258,3050.4924,3057.4945,3063.3054,4.0466,0.1321,150446920,1.71E+11,
2016/9/1,3063.3054,3088.7043,3062.8763,3083.9606,3085.491,-22.1856,-0.719,155191093,1.77E+11,
2016/8/31,3085.491,3087.6977,3063.3963,3072.9164,3074.6768,10.8142,0.3517,141368609,1.69E+11,
2016/8/30,3074.6768,3082.9879,3065.9713,3071.4404,3070.0273,4.6495,0.1514,140434811,1.64E+11,
2016/8/29,3070.0273,3074.9433,3058.7853,3068.4602,3070.3088,-0.2815,-0.0092,144500007,1.66E+11,
2016/8/26,3070.3088,3087.6522,3063.894,3069.8504,3068.3294,1.9794,0.0645,149663901,1.76E+11,
2016/8/25,3068.3294,3073.4441,3041.5053,3073.4441,3085.8804,-17.551,-0.5688,174032980,2.01E+11,
2016/8/24,3085.8804,3097.1483,3079.5478,3092.0197,3089.7055,-3.8251,-0.1238,145707440,1.68E+11,
2016/8/23,3089.7055,3101.1095,3073.5292,3081.5717,3084.8051,4.9004,0.1589,161368965,1.79E+11,
2016/8/22,3084.8051,3112.7395,3083.5932,3107.3812,3108.102,-23.2969,-0.7496,185387927,2.08E+11,
2016/8/19,3108.102,3113.3438,3082.771,3100.3912,3104.1138,3.9882,0.1285,194347453,2.12E+11,
2016/8/18,3104.1138,3125.5812,3093.3171,3107.7527,3109.5549,-5.4411,-0.175,229359081,2.57E+11,
2016/8/17,3109.5549,3114.2545,3090.2811,3106.9911,3110.0369,-0.482,-0.0155,213839637,2.43E+11,
2016/8/16,3110.0369,3140.4408,3102.0653,3130.5333,3125.1952,-15.1583,-0.485,278328934,3.09E+11,
2016/8/15,3125.1952,3137.4763,3053.8705,3056.4835,3050.6674,74.5278,2.443,297616506,3.28E+11,
2016/8/12,3050.6674,3051.0541,2999.039,3000.2731,3002.6376,48.0298,1.5996,168173657,1.79E+11,
2016/8/11,3002.6376,3038.0478,3001.1681,3013.6776,3018.7459,-16.1083,-0.5336,161879481,1.80E+11,
2016/8/10,3018.7459,3033.1964,3017.0903,3023.4724,3025.6805,-6.9346,-0.2292,164675165,1.85E+11,
2016/8/9,3025.6805,3025.9108,2998.6766,3001.3063,3004.2767,21.4038,0.7124,169995446,1.88E+11,
2016/8/8,3004.2767,3004.7182,2959.0477,2972.6248,2976.6962,27.5805,0.9265,155729833,1.72E+11,
2016/8/5,2976.6962,2991.6767,2971.5638,2978.7776,2982.4261,-5.7299,-0.1921,141857101,1.62E+11,
2016/8/4,2982.4261,2982.8601,2958.9332,2976.4096,2978.4608,3.9653,0.1331,133933301,1.53E+11,
2016/8/3,2978.4608,2981.1555,2956.7856,2963.2145,2971.2787,7.1821,0.2417,141141332,1.59E+11,
2016/8/2,2971.2787,2971.2787,2946.6365,2950.0796,2953.3854,17.8933,0.6059,115468900,1.29E+11,
2016/8/1,2953.3854,2972.8751,2931.9633,2971.9491,2979.3388,-25.9534,-0.8711,147407763,1.62E+11,
2016/7/29,2979.3388,3000.0546,2972.9166,2992.5355,2994.3234,-14.9846,-0.5004,150101534,1.70E+11,
2016/7/28,2994.3234,3003.3631,2968.182,2980.5012,2991.9991,2.3243,0.0777,190564950,2.18E+11,
2016/7/27,2991.9991,3057.4237,2939.2273,3050.3675,3050.1661,-58.167,-1.907,280160915,3.17E+11,
2016/7/26,3050.1661,3050.6145,3013.8021,3014.0397,3015.8278,34.3383,1.1386,156694506,1.85E+11,
2016/7/25,3015.8278,3027.1228,3003.2921,3008.0937,3012.8157,3.0121,0.1,144206582,1.75E+11,
2016/7/22,3012.8157,3039.27,3007.4567,3038.1182,3039.0091,-26.1934,-0.8619,162010181,1.98E+11,
2016/7/21,3039.0091,3053.3336,3027.3676,3027.6042,3027.8995,11.1096,0.3669,163767370,2.00E+11,
2016/7/20,3027.8995,3042.997,3022.6309,3034.7139,3036.5979,-8.6984,-0.2865,138242815,1.71E+11,
2016/7/19,3036.5979,3043.5999,3014.2889,3040.2257,3043.5643,-6.9664,-0.2289,155361466,1.87E+11,
2016/7/18,3043.5643,3058.3214,3031.6388,3047.6373,3054.296,-10.7317,-0.3514,177496562,2.07E+11,
2016/7/15,3054.296,3062.6832,3044.5375,3056.6817,3054.0182,0.2778,0.0091,172866398,2.03E+11,
2016/7/14,3054.0182,3057.0458,3036.5234,3054.9748,3060.6893,-6.6711,-0.218,180194804,2.09E+11,
2016/7/13,3060.6893,3069.0469,3048.1991,3049.5128,3049.381,11.3083,0.3708,253659384,2.79E+11,
2016/7/12,3049.381,3049.6814,2984.4205,2992.5195,2994.9167,54.4643,1.8186,259486295,2.89E+11,
2016/7/11,2994.9167,3022.9439,2990.9071,2993.7489,2988.0939,6.8228,0.2283,224338224,2.72E+11,
2016/7/8,2988.0939,3001.5506,2983.881,3000.3263,3016.8467,-28.7528,-0.9531,168986859,2.10E+11,
2016/7/7,3016.8467,3024.1087,2994.6426,3009.3533,3017.2924,-0.4457,-0.0148,222681667,2.70E+11,
2016/7/6,3017.2924,3017.6523,2984.8278,2998.5207,3006.3919,10.9005,0.3626,212370920,2.46E+11,
2016/7/5,3006.3919,3010.275,2990.6416,2991.7524,2988.604,17.7879,0.5952,235204450,2.70E+11,
2016/7/4,2988.604,2992.4978,2922.5196,2924.293,2932.4758,56.1282,1.914,222017132,2.53E+11,
2016/7/1,2932.4758,2944.9894,2925.8101,2931.8016,2929.6057,2.8701,0.098,141246227,1.73E+11,
2016/6/30,2929.6057,2938.1374,2922.3124,2931.4805,2931.5923,-1.9866,-0.0678,154464930,1.87E+11,
2016/6/29,2931.5923,2933.9974,2915.0618,2918.5337,2912.5574,19.0349,0.6535,193215586,2.23E+11,
2016/6/28,2912.5574,2913.5817,2878.8243,2885.0112,2895.7033,16.8541,0.582,173871047,2.11E+11,
2016/6/27,2895.7033,2895.731,2840.2765,2840.5585,2854.2864,41.4169,1.451,156697472,1.90E+11,
2016/6/24,2854.2864,2899.5689,2807.5976,2883.759,2891.9602,-37.6738,-1.3027,190842609,2.15E+11,
2016/6/23,2891.9602,2904.1115,2878.661,2902.3979,2905.5495,-13.5893,-0.4677,136137375,1.64E+11,
2016/6/22,2905.5495,2905.978,2869.5133,2872.7337,2878.5575,26.992,0.9377,130590424,1.56E+11,
2016/6/21,2878.5575,2919.302,2869.1759,2898.3837,2888.8091,-10.2516,-0.3549,164359089,1.98E+11,
2016/6/20,2888.8091,2891.6583,2864.0199,2887.6358,2885.105,3.7041,0.1284,136571051,1.64E+11,
2016/6/17,2885.105,2900.2993,2872.1845,2873.0089,2872.8166,12.2884,0.4277,171472517,1.95E+11,
2016/6/16,2872.8166,2887.7426,2865.3878,2878.4023,2887.2101,-14.3935,-0.4985,173882767,2.02E+11,
2016/6/15,2887.2101,2894.2639,2811.7808,2814.6931,2842.1886,45.0215,1.584,166671069,1.97E+11,
2016/6/14,2842.1886,2843.4558,2822.0609,2824.2285,2833.0707,9.1179,0.3218,119755274,1.39E+11,
2016/6/13,2833.0707,2911.1582,2832.5072,2897.2731,2927.159,-94.0883,-3.2143,169255434,1.99E+11,
2016/6/8,2927.159,2937.9863,2908.3666,2932.3761,2936.0449,-8.8859,-0.3026,143046071,1.77E+11,
2016/6/7,2936.0449,2938.444,2923.502,2936.2821,2934.0979,1.947,0.0664,132987867,1.64E+11,
2016/6/6,2934.0979,2945.9416,2922.2833,2940.9943,2938.682,-4.5841,-0.156,141993742,1.72E+11,
2016/6/3,2938.682,2945.5193,2915.185,2929.7881,2925.2293,13.4527,0.4599,172021023,2.11E+11,
2016/6/2,2925.2293,2925.6702,2906.5242,2911.2193,2913.5077,11.7216,0.4023,159716916,1.85E+11,
2016/6/1,2913.5077,2929.0759,2909.5121,2917.1541,2916.616,-3.1083,-0.1066,188386421,2.20E+11,
2016/5/31,2916.616,2917.1351,2822.5927,2822.5927,2822.4509,94.1651,3.3363,215260341,2.37E+11,
2016/5/30,2822.4509,2830.9697,2794.6608,2814.6507,2821.046,1.4049,0.0498,106319589,1.16E+11,
2016/5/27,2821.046,2832.7994,2809.7992,2817.9684,2822.4429,-1.3969,-0.0495,109845823,1.24E+11,
2016/5/26,2822.4429,2827.0916,2780.7634,2813.5431,2815.0863,7.3566,0.2613,114766797,1.27E+11,
2016/5/25,2815.0863,2843.165,2807.7488,2835.0293,2821.6663,-6.58,-0.2332,103527265,1.18E+11,
2016/5/24,2821.6663,2839.695,2807.1878,2839.6823,2843.645,-21.9787,-0.7729,111452445,1.21E+11,
2016/5/23,2843.645,2848.0713,2826.2562,2826.3123,2825.4831,18.1619,0.6428,120470455,1.40E+11,
2016/5/20,2825.4831,2825.9517,2785.0795,2792.8883,2806.9061,18.577,0.6618,108700899,1.24E+11,
2016/5/19,2806.9061,2829.4023,2801.5475,2802.3147,2807.5141,-0.608,-0.0217,111595071,1.24E+11,
2016/5/18,2807.5141,2828.2552,2781.4165,2828.178,2843.6841,-36.17,-1.2719,140487826,1.49E+11,
2016/5/17,2843.6841,2860.3205,2832.4592,2850.9264,2850.8617,-7.1776,-0.2518,123369064,1.40E+11,
2016/5/16,2850.8617,2851.229,2804.9907,2816.7754,2827.1087,23.753,0.8402,114653592,1.27E+11,
2016/5/13,2827.1087,2850.0929,2814.1146,2828.4615,2835.8618,-8.7531,-0.3087,114319710,1.24E+11,
2016/5/12,2835.8618,2839.2763,2781.2362,2812.1083,2837.0372,-1.1754,-0.0414,136337655,1.41E+11,
2016/5/11,2837.0372,2857.2539,2818.6989,2843.5448,2832.5912,4.446,0.157,135795466,1.46E+11,
2016/5/10,2832.5912,2845.2376,2820.1642,2822.3273,2832.1125,0.4787,0.0169,120829310,1.29E+11,
2016/5/9,2832.1125,2896.1623,2821.8261,2896.1623,2913.2476,-81.1351,-2.785,180378330,1.89E+11,
2016/5/6,2913.2476,3003.5904,2913.0361,2998.4022,2997.8416,-84.594,-2.8218,206796498,2.34E+11,
2016/5/5,2997.8416,2999.1181,2977.1998,2987.0224,2991.2721,6.5695,0.2196,144831383,1.63E+11,
2016/5/4,2991.2721,3004.4184,2978.3295,2983.0266,2992.6432,-1.3711,-0.0458,165407106,1.89E+11,
2016/5/3,2992.6432,2993.5346,2929.8148,2940.3923,2938.3235,54.3197,1.8487,168703643,1.96E+11,
2016/4/29,2938.3235,2950.5761,2930.3565,2935.3756,2945.5886,-7.2651,-0.2466,109310628,1.29E+11,
2016/4/28,2945.5886,2959.5123,2916.3744,2955.7421,2953.6709,-8.0823,-0.2736,138663274,1.55E+11,
2016/4/27,2953.6709,2976.0221,2949.4322,2967.1902,2964.6997,-11.0288,-0.372,130867640,1.50E+11,
2016/4/26,2964.6997,2965.4291,2933.9707,2944.7156,2946.6704,18.0293,0.6119,117711604,1.34E+11,
2016/4/25,2946.6704,2954.0921,2917.0202,2949.9727,2959.24,-12.5696,-0.4248,125856243,1.41E+11,
2016/4/22,2959.24,2960.2089,2926.7759,2933.0349,2952.8911,6.3489,0.215,137211668,1.49E+11,
2016/4/21,2952.8911,2990.6729,2943.464,2954.3703,2972.5837,-19.6926,-0.6625,189406849,2.06E+11,
2016/4/20,2972.5837,3055.689,2905.0485,3050.3805,3042.8232,-70.2395,-2.3084,283144219,3.11E+11,
2016/4/19,3042.8232,3054.5032,3024.8951,3047.1326,3033.6604,9.1628,0.302,156533200,1.81E+11,
2016/4/18,3033.6604,3058.4629,3022.9701,3058.4629,3078.1166,-44.4562,-1.4443,183304512,2.09E+11,
2016/4/15,3078.1166,3089.9509,3066.8721,3085.0263,3082.3615,-4.2449,-0.1377,189613051,2.24E+11,
2016/4/14,3082.3615,3086.6975,3056.9886,3080.09,3066.6381,15.7234,0.5127,208237830,2.35E+11,
2016/4/13,3066.6381,3097.1648,3041.3584,3041.3584,3023.6464,42.9917,1.4218,310003246,3.31E+11,
2016/4/12,3023.6464,3036.8249,3001.3151,3031.3013,3033.957,-10.3106,-0.3398,182718668,2.07E+11,
2016/4/11,3033.957,3048.9766,3006.909,3006.909,2984.9582,48.9988,1.6415,220018324,2.52E+11,
2016/4/8,2984.9582,2996.1706,2960.46,2988.2,3008.42,-23.4618,-0.7799,187904633,2.07E+11,
2016/4/7,3008.42,3062.3579,3007.0603,3058.3388,3050.592,-42.172,-1.3824,220919506,2.44E+11,
2016/4/6,3050.592,3059.7937,3029.0049,3039.7449,3053.0654,-2.4734,-0.081,232262051,2.55E+11,
2016/4/5,3053.0654,3057.3297,2993.1476,3000.9382,3009.5298,43.5356,1.4466,256730344,2.77E+11,
2016/4/1,3009.5298,3009.6729,2956.247,2997.0883,3003.9152,5.6146,0.1869,206545866,2.18E+11,
2016/3/31,3003.9152,3023.4086,2992.9155,3009.3672,3000.6449,3.2703,0.109,220413445,2.52E+11,
2016/3/30,3000.6449,3001.1055,2941.2177,2941.2177,2919.8318,80.8131,2.7677,210371451,2.34E+11,
2016/3/29,2919.8318,2962.2029,2905.2513,2956.7052,2957.82,-37.9882,-1.2843,182965345,2.02E+11,
2016/3/28,2957.82,3008.1675,2948.5259,2988.0104,2979.4343,-21.6143,-0.7254,202021241,2.32E+11,
2016/3/25,2979.4343,2981.4077,2952.1057,2956.1997,2960.9704,18.4639,0.6236,175074344,2.01E+11,
2016/3/24,2960.9704,2998.1537,2960.5366,2986.801,3009.9604,-48.99,-1.6276,237006403,2.75E+11,
2016/3/23,3009.9604,3012.5596,2980.8554,2991.1685,2999.3628,10.5976,0.3533,216977462,2.56E+11,
2016/3/22,2999.3628,3019.1008,2988.4256,3001.63,3018.8017,-19.4389,-0.6439,270377322,3.11E+11,
2016/3/21,3018.8017,3028.3215,2973.7575,2978.4554,2955.1498,63.6519,2.1539,352400438,3.81E+11,
2016/3/18,2955.1498,2971.5508,2908.7416,2915.5177,2904.8319,50.3179,1.7322,313332735,3.28E+11,
2016/3/17,2904.8319,2921.0002,2857.1913,2875.4108,2870.43,34.4019,1.1985,200290213,2.14E+11,
2016/3/16,2870.43,2881.5293,2854.1919,2858.7085,2864.3684,6.0616,0.2116,186492535,1.90E+11,
2016/3/15,2864.3684,2865.787,2819.7949,2853.9776,2859.499,4.8694,0.1703,163386667,1.70E+11,
2016/3/14,2859.499,2889.8164,2823.0282,2830.0836,2810.3074,49.1916,1.7504,194816030,2.03E+11,
2016/3/11,2810.3074,2815.6074,2772.5512,2781.6004,2804.7255,5.5819,0.199,127247554,1.28E+11,
2016/3/10,2804.7255,2863.1763,2803.4764,2847.567,2862.556,-57.8305,-2.0202,138979461,1.42E+11,
2016/3/9,2862.556,2863.0147,2811.7175,2839.4112,2901.387,-38.831,-1.3384,183355383,1.77E+11,
2016/3/8,2901.387,2902.6212,2802.5628,2895.6664,2897.3395,4.0475,0.1397,233482661,2.21E+11,
2016/3/7,2897.3395,2911.8386,2871.3462,2886.6403,2874.1468,23.1927,0.8069,217466836,2.09E+11,
2016/3/4,2874.1468,2880.3719,2808.8493,2848.5384,2859.7582,14.3886,0.5031,312495169,2.95E+11,
2016/3/3,2859.7582,2878.445,2840.8741,2847.3305,2849.6811,10.0771,0.3536,287478210,2.80E+11,
2016/3/2,2849.6811,2852.7001,2732.5388,2733.767,2733.17,116.5111,4.2629,270961783,2.59E+11,
2016/3/1,2733.17,2747.5621,2668.7574,2688.3799,2687.9788,45.1912,1.6812,187207443,1.82E+11,
2016/2/29,2687.9788,2755.8898,2638.9631,2754.8137,2767.2097,-79.2309,-2.8632,207410709,1.95E+11,
2016/2/26,2767.2097,2784.7525,2715.8743,2760.0575,2741.2454,25.9643,0.9472,191110472,1.90E+11,
2016/2/25,2741.2454,2922.2372,2729.8506,2922.2372,2928.896,-187.6506,-6.4069,270284416,2.72E+11,
2016/2/24,2928.896,2929.8712,2872.2741,2889.8846,2903.3313,25.5647,0.8805,213410384,2.28E+11,
2016/2/23,2903.3313,2928.048,2872.2816,2925.7082,2927.175,-23.8437,-0.8146,199740663,2.12E+11,
2016/2/22,2927.175,2933.9638,2880.3474,2888.5984,2860.0208,67.1542,2.348,232176042,2.39E+11,
2016/2/19,2860.0208,2872.7236,2840.4876,2854.904,2862.8927,-2.8719,-0.1003,163391413,1.78E+11,
2016/2/18,2862.8927,2893.2148,2857.6989,2881.7769,2867.3379,-4.4452,-0.155,219203873,2.31E+11,
2016/2/17,2867.3379,2868.701,2824.3556,2829.7636,2836.5705,30.7674,1.0847,216909925,2.26E+11,
2016/2/16,2836.5705,2840.6224,2758.579,2758.579,2746.1958,90.3747,3.2909,195961614,1.99E+11,
2016/2/15,2746.1958,2760.359,2682.09,2684.9614,2763.492,-17.2962,-0.6259,129263932,1.29E+11,
2016/2/5,2763.492,2790.061,2762.1597,2783.0761,2781.0227,-17.5307,-0.6304,141186284,1.46E+11,
2016/2/4,2781.0227,2793.2981,2751.3135,2751.4317,2739.2469,41.7758,1.5251,170382018,1.75E+11,
2016/2/3,2739.2469,2746.072,2696.8835,2719.5737,2749.5703,-10.3234,-0.3755,148397217,1.47E+11,
2016/2/2,2749.5703,2755.1591,2687.9817,2687.9817,2688.8536,60.7167,2.2581,158078211,1.59E+11,
2016/2/1,2688.8536,2735.2551,2655.6234,2730.9844,2737.5996,-48.746,-1.7806,156383744,1.53E+11,
2016/1/29,2737.5996,2755.3665,2649.7905,2652.8544,2655.6609,81.9387,3.0854,186673106,1.80E+11,
2016/1/28,2655.6609,2740.5358,2647.4931,2711.1582,2735.5578,-79.8969,-2.9207,171120280,1.67E+11,
2016/1/27,2735.5578,2768.7719,2638.3016,2756.082,2749.7854,-14.2276,-0.5174,215722046,2.07E+11,
2016/1/26,2749.7854,2911.9907,2743.8393,2907.7177,2938.5149,-188.7295,-6.4226,210836054,2.13E+11,
2016/1/25,2938.5149,2955.7826,2911.8286,2934.0781,2916.5624,21.9525,0.7527,153039057,1.64E+11,
2016/1/22,2916.5624,2931.3587,2851.7325,2911.1123,2880.4816,36.0808,1.2526,159810734,1.70E+11,
2016/1/21,2880.4816,2998.7904,2880.0848,2934.3912,2976.6938,-96.2122,-3.2322,191675668,2.04E+11,
2016/1/20,2976.6938,3016.2827,2951.9219,2993.0138,3007.7393,-31.0455,-1.0322,216505474,2.35E+11,
2016/1/19,3007.7393,3012.0684,2906.4038,2914.4078,2913.8367,93.9026,3.2226,205279703,2.23E+11,
2016/1/18,2913.8367,2945.4496,2844.7042,2847.5389,2900.97,12.8667,0.4435,164699694,1.74E+11,
2016/1/15,2900.97,3001.708,2883.868,2988.048,3007.649,-106.679,-3.5469,198721697,2.07E+11,
2016/1/14,3007.649,3012.293,2867.553,2874.049,2949.597,58.052,1.9681,212905644,2.18E+11,
2016/1/13,2949.597,3059.015,2949.29,3041.107,3022.861,-73.264,-2.4237,194282106,2.08E+11,
2016/1/12,3022.861,3047.664,2978.463,3026.159,3016.704,6.157,0.2041,207659622,2.24E+11,
2016/1/11,3016.704,3166.215,3016.697,3131.853,3186.412,-169.708,-5.326,271643691,2.86E+11,
2016/1/8,3186.412,3235.451,3056.878,3194.625,3125.002,61.41,1.9651,286440822,3.24E+11,
2016/1/7,3125.002,3309.657,3115.885,3309.657,3361.84,-236.838,-7.0449,70569123,79981988654,
2016/1/6,3361.84,3362.974,3288.933,3291.195,3287.711,74.129,2.2547,238886670,2.85E+11,
2016/1/5,3287.711,3328.139,3189.605,3196.651,3296.258,-8.547,-0.2593,266882083,3.28E+11,
2016/1/4,3296.258,3538.689,3295.741,3536.589,3539.182,-242.924,-6.8638,184418423,2.41E+11,
2015/12/31,3539.182,3580.602,3538.353,3570.467,3572.876,-33.694,-0.943,176963659,2.54E+11,
2015/12/30,3572.876,3573.684,3538.112,3566.731,3563.736,9.14,0.2565,187889609,2.68E+11,
2015/12/29,3563.736,3564.171,3515.52,3528.395,3533.779,29.957,0.8477,182551923,2.51E+11,
2015/12/28,3533.779,3641.588,3533.779,3635.769,3627.914,-94.135,-2.5947,269983278,3.69E+11,
2015/12/25,3627.914,3635.256,3601.738,3614.054,3612.485,15.429,0.4271,198451111,2.75E+11,
2015/12/24,3612.485,3640.221,3572.277,3631.313,3636.089,-23.604,-0.6492,227785225,3.15E+11,
2015/12/23,3636.089,3684.567,3633.025,3653.282,3651.767,-15.678,-0.4293,298201801,4.20E+11,
2015/12/22,3651.767,3652.635,3616.87,3645.99,3642.472,9.295,0.2552,261178763,3.61E+11,
2015/12/21,3642.472,3651.056,3565.751,3568.581,3578.964,63.508,1.7745,299849280,3.98E+11,
2015/12/18,3578.964,3614.698,3568.161,3574.94,3579.999,-1.035,-0.0289,273707904,3.65E+11,
2015/12/17,3579.999,3583.408,3533.628,3533.628,3516.187,63.812,1.8148,283856476,3.81E+11,
2015/12/16,3516.187,3538.689,3506.291,3522.091,3510.354,5.833,0.1662,193482310,2.65E+11,
2015/12/15,3510.354,3529.961,3496.854,3518.126,3520.668,-10.314,-0.293,200471341,2.76E+11,
2015/12/14,3520.668,3521.779,3399.28,3403.507,3434.581,86.087,2.5065,215374620,2.79E+11,
2015/12/11,3434.581,3455.548,3410.924,3441.597,3455.495,-20.914,-0.6052,182908878,2.45E+11,
2015/12/10,3455.495,3503.654,3446.273,3469.806,3472.439,-16.944,-0.488,200427517,2.79E+11,
2015/12/9,3472.439,3495.702,3454.879,3462.583,3470.07,2.369,0.0683,195698845,2.68E+11,
2015/12/8,3470.07,3518.648,3466.79,3518.648,3536.927,-66.857,-1.8903,224367310,2.98E+11,
2015/12/7,3536.927,3543.945,3506.625,3529.806,3524.992,11.935,0.3386,208302579,2.81E+11,
2015/12/4,3524.992,3568.97,3510.412,3558.149,3584.824,-59.832,-1.669,251736411,3.20E+11,
2015/12/3,3584.824,3591.73,3517.23,3525.727,3536.905,47.919,1.3548,281111255,3.39E+11,
2015/12/2,3536.905,3538.847,3427.661,3450.278,3456.309,80.596,2.3319,301491480,3.69E+11,
2015/12/1,3456.309,3483.414,3417.545,3442.441,3445.405,10.904,0.3165,252390755,3.30E+11,
