日期,股票代码,名称,收盘价,最高价,最低价,开盘价,前收盘,涨跌额,涨跌幅,收盘价归一化
2018/8/17,'601857,中国石油,7.99,8.1,7.94,7.94,7.94,0.05,0.6297,0.799
2018/8/16,'601857,中国石油,7.94,8.1,7.88,7.96,8.08,-0.14,-1.7327,0.794
2018/8/15,'601857,中国石油,8.08,8.16,8.01,8.08,8.11,-0.03,-0.3699,0.808
2018/8/14,'601857,中国石油,8.11,8.15,7.93,7.96,7.99,0.12,1.5019,0.811
2018/8/13,'601857,中国石油,7.99,8.12,7.88,8.01,8.03,-0.04,-0.4981,0.799
2018/8/10,'601857,中国石油,8.03,8.14,7.94,8.01,8.06,-0.03,-0.3722,0.803
2018/8/9,'601857,中国石油,8.06,8.09,7.86,7.95,8.06,0,0,0.806
2018/8/8,'601857,中国石油,8.06,8.23,7.87,7.9,7.94,0.12,1.5113,0.806
2018/8/7,'601857,中国石油,7.94,7.98,7.63,7.64,7.6,0.34,4.4737,0.794
2018/8/6,'601857,中国石油,7.6,7.68,7.53,7.55,7.61,-0.01,-0.1314,0.76
2018/8/3,'601857,中国石油,7.61,7.72,7.55,7.56,7.55,0.06,0.7947,0.761
2018/8/2,'601857,中国石油,7.55,7.6,7.43,7.58,7.58,-0.03,-0.3958,0.755
2018/8/1,'601857,中国石油,7.58,7.73,7.57,7.67,7.73,-0.15,-1.9405,0.758
2018/7/31,'601857,中国石油,7.73,7.79,7.59,7.64,7.59,0.14,1.8445,0.773
2018/7/30,'601857,中国石油,7.59,7.66,7.51,7.56,7.58,0.01,0.1319,0.759
2018/7/27,'601857,中国石油,7.58,7.59,7.53,7.56,7.58,0,0,0.758
2018/7/26,'601857,中国石油,7.58,7.62,7.54,7.6,7.58,0,0,0.758
2018/7/25,'601857,中国石油,7.58,7.65,7.53,7.63,7.57,0.01,0.1321,0.758
2018/7/24,'601857,中国石油,7.57,7.67,7.41,7.43,7.46,0.11,1.4745,0.757
2018/7/23,'601857,中国石油,7.46,7.49,7.3,7.32,7.36,0.1,1.3587,0.746
2018/7/20,'601857,中国石油,7.36,7.38,7.21,7.25,7.24,0.12,1.6575,0.736
2018/7/19,'601857,中国石油,7.24,7.33,7.21,7.3,7.28,-0.04,-0.5495,0.724
2018/7/18,'601857,中国石油,7.28,7.31,7.25,7.3,7.3,-0.02,-0.274,0.728
2018/7/17,'601857,中国石油,7.3,7.42,7.25,7.42,7.49,-0.19,-2.5367,0.73
2018/7/16,'601857,中国石油,7.49,7.61,7.45,7.58,7.6,-0.11,-1.4474,0.749
2018/7/13,'601857,中国石油,7.6,7.63,7.57,7.62,7.64,-0.04,-0.5236,0.76
2018/7/12,'601857,中国石油,7.64,7.65,7.46,7.49,7.59,0.05,0.6588,0.764
2018/7/11,'601857,中国石油,7.59,7.66,7.55,7.6,7.76,-0.17,-2.1907,0.759
2018/7/10,'601857,中国石油,7.76,7.76,7.52,7.65,7.61,0.15,1.9711,0.776
2018/7/9,'601857,中国石油,7.61,7.62,7.47,7.49,7.45,0.16,2.1477,0.761
2018/7/6,'601857,中国石油,7.45,7.46,7.34,7.39,7.43,0.02,0.2692,0.745
2018/7/5,'601857,中国石油,7.43,7.52,7.35,7.49,7.49,-0.06,-0.8011,0.743
2018/7/4,'601857,中国石油,7.49,7.58,7.46,7.49,7.53,-0.04,-0.5312,0.749
2018/7/3,'601857,中国石油,7.53,7.55,7.39,7.51,7.51,0.02,0.2663,0.753
2018/7/2,'601857,中国石油,7.51,7.68,7.45,7.65,7.71,-0.2,-2.594,0.751
2018/6/29,'601857,中国石油,7.71,7.79,7.52,7.71,7.71,0,0,0.771
2018/6/28,'601857,中国石油,7.71,7.78,7.6,7.62,7.51,0.2,2.6631,0.771
2018/6/27,'601857,中国石油,7.51,7.61,7.41,7.45,7.33,0.18,2.4557,0.751
2018/6/26,'601857,中国石油,7.33,7.37,7.2,7.25,7.31,0.02,0.2736,0.733
2018/6/25,'601857,中国石油,7.31,7.42,7.3,7.4,7.3,0.01,0.137,0.731
2018/6/22,'601857,中国石油,7.3,7.36,7.17,7.25,7.27,0.03,0.4127,0.73
2018/6/21,'601857,XD中国石,7.27,7.38,7.25,7.36,7.36,-0.09,-1.2228,0.727
2018/6/20,'601857,中国石油,7.42,7.44,7.33,7.37,7.41,0.01,0.135,0.742
2018/6/19,'601857,中国石油,7.41,7.69,7.31,7.68,7.75,-0.34,-4.3871,0.741
2018/6/15,'601857,中国石油,7.75,7.78,7.72,7.74,7.74,0.01,0.1292,0.775
2018/6/14,'601857,中国石油,7.74,7.84,7.71,7.75,7.78,-0.04,-0.5141,0.774
2018/6/13,'601857,中国石油,7.78,7.85,7.75,7.8,7.83,-0.05,-0.6386,0.778
2018/6/12,'601857,中国石油,7.83,7.84,7.75,7.76,7.77,0.06,0.7722,0.783
2018/6/11,'601857,中国石油,7.77,7.88,7.72,7.87,7.91,-0.14,-1.7699,0.777
2018/6/8,'601857,中国石油,7.91,8.06,7.89,7.97,7.93,-0.02,-0.2522,0.791
2018/6/7,'601857,中国石油,7.93,7.98,7.92,7.96,7.98,-0.05,-0.6266,0.793
2018/6/6,'601857,中国石油,7.98,8.02,7.85,7.97,7.98,0,0,0.798
2018/6/5,'601857,中国石油,7.98,8.02,7.87,7.93,7.96,0.02,0.2513,0.798
2018/6/4,'601857,中国石油,7.96,8.05,7.92,7.98,8,-0.04,-0.5,0.796
2018/6/1,'601857,中国石油,8,8.05,7.89,7.95,7.98,0.02,0.2506,0.8
2018/5/31,'601857,中国石油,7.98,8.01,7.86,7.93,7.81,0.17,2.1767,0.798
2018/5/30,'601857,中国石油,7.81,8.01,7.81,7.96,8.05,-0.24,-2.9814,0.781
2018/5/29,'601857,中国石油,8.05,8.14,8.01,8.12,8.13,-0.08,-0.984,0.805
2018/5/28,'601857,中国石油,8.13,8.16,8,8.02,8.13,0,0,0.813
2018/5/25,'601857,中国石油,8.13,8.31,8.11,8.19,8.25,-0.12,-1.4545,0.813
2018/5/24,'601857,中国石油,8.25,8.31,8.21,8.26,8.25,0,0,0.825
2018/5/23,'601857,中国石油,8.25,8.51,8.24,8.5,8.56,-0.31,-3.6215,0.825
2018/5/22,'601857,中国石油,8.56,8.57,8.38,8.5,8.52,0.04,0.4695,0.856
2018/5/21,'601857,中国石油,8.52,8.54,8.35,8.44,8.49,0.03,0.3534,0.852
2018/5/18,'601857,中国石油,8.49,8.5,7.92,7.92,7.91,0.58,7.3325,0.849
2018/5/17,'601857,中国石油,7.91,7.96,7.9,7.92,7.89,0.02,0.2535,0.791
2018/5/16,'601857,中国石油,7.89,7.98,7.86,7.98,8,-0.11,-1.375,0.789
2018/5/15,'601857,中国石油,8,8.03,7.96,8.01,7.99,0.01,0.1252,0.8
2018/5/14,'601857,中国石油,7.99,8,7.92,7.96,7.98,0.01,0.1253,0.799
2018/5/11,'601857,中国石油,7.98,8.06,7.95,8.02,8,-0.02,-0.25,0.798
2018/5/10,'601857,中国石油,8,8.08,7.95,8.03,7.9,0.1,1.2658,0.8
2018/5/9,'601857,中国石油,7.9,8.01,7.84,7.85,7.84,0.06,0.7653,0.79
2018/5/8,'601857,中国石油,7.84,7.85,7.79,7.8,7.84,0,0,0.784
2018/5/7,'601857,中国石油,7.84,7.85,7.69,7.73,7.7,0.14,1.8182,0.784
2018/5/4,'601857,中国石油,7.7,7.71,7.65,7.67,7.7,0,0,0.77
2018/5/3,'601857,中国石油,7.7,7.72,7.57,7.61,7.61,0.09,1.1827,0.77
2018/5/2,'601857,中国石油,7.61,7.66,7.56,7.65,7.65,-0.04,-0.5229,0.761
2018/4/27,'601857,中国石油,7.65,7.67,7.53,7.58,7.55,0.1,1.3245,0.765
2018/4/26,'601857,中国石油,7.55,7.68,7.54,7.66,7.64,-0.09,-1.178,0.755
2018/4/25,'601857,中国石油,7.64,7.68,7.62,7.65,7.71,-0.07,-0.9079,0.764
2018/4/24,'601857,中国石油,7.71,7.73,7.6,7.6,7.58,0.13,1.715,0.771
2018/4/23,'601857,中国石油,7.58,7.68,7.53,7.62,7.64,-0.06,-0.7853,0.758
2018/4/20,'601857,中国石油,7.64,7.75,7.63,7.71,7.75,-0.11,-1.4194,0.764
2018/4/19,'601857,中国石油,7.75,7.79,7.69,7.71,7.64,0.11,1.4398,0.775
2018/4/18,'601857,中国石油,7.64,7.64,7.51,7.57,7.52,0.12,1.5957,0.764
2018/4/17,'601857,中国石油,7.52,7.58,7.51,7.54,7.55,-0.03,-0.3974,0.752
2018/4/16,'601857,中国石油,7.55,7.7,7.53,7.67,7.62,-0.07,-0.9186,0.755
2018/4/13,'601857,中国石油,7.62,7.69,7.62,7.69,7.73,-0.11,-1.423,0.762
2018/4/12,'601857,中国石油,7.73,7.76,7.68,7.71,7.69,0.04,0.5202,0.773
2018/4/11,'601857,中国石油,7.69,7.74,7.63,7.64,7.59,0.1,1.3175,0.769
2018/4/10,'601857,中国石油,7.59,7.6,7.43,7.5,7.48,0.11,1.4706,0.759
2018/4/9,'601857,中国石油,7.48,7.51,7.39,7.43,7.46,0.02,0.2681,0.748
2018/4/4,'601857,中国石油,7.46,7.54,7.44,7.52,7.49,-0.03,-0.4005,0.746
2018/4/3,'601857,中国石油,7.49,7.59,7.44,7.58,7.65,-0.16,-2.0915,0.749
2018/4/2,'601857,中国石油,7.65,7.72,7.61,7.65,7.64,0.01,0.1309,0.765
2018/3/30,'601857,中国石油,7.64,7.7,7.62,7.69,7.7,-0.06,-0.7792,0.764
2018/3/29,'601857,中国石油,7.7,7.72,7.56,7.6,7.6,0.1,1.3158,0.77
2018/3/28,'601857,中国石油,7.6,7.74,7.58,7.72,7.79,-0.19,-2.439,0.76
2018/3/27,'601857,中国石油,7.79,7.8,7.74,7.79,7.75,0.04,0.5161,0.779
2018/3/26,'601857,中国石油,7.75,7.85,7.64,7.83,7.83,-0.08,-1.0217,0.775
2018/3/23,'601857,中国石油,7.83,7.92,7.73,7.92,8.05,-0.22,-2.7329,0.783
2018/3/22,'601857,中国石油,8.05,8.13,8.02,8.1,8.03,0.02,0.2491,0.805
2018/3/21,'601857,中国石油,8.03,8.16,7.99,8.11,8.07,-0.04,-0.4957,0.803
2018/3/20,'601857,中国石油,8.07,8.11,7.92,7.93,7.97,0.1,1.2547,0.807
2018/3/19,'601857,中国石油,7.97,7.97,7.9,7.91,7.91,0.06,0.7585,0.797
2018/3/16,'601857,中国石油,7.91,7.98,7.9,7.94,7.95,-0.04,-0.5031,0.791
2018/3/15,'601857,中国石油,7.95,7.99,7.92,7.95,7.99,-0.04,-0.5006,0.795
2018/3/14,'601857,中国石油,7.99,8.02,7.95,7.98,7.99,0,0,0.799
2018/3/13,'601857,中国石油,7.99,8.05,7.98,8.03,8.05,-0.06,-0.7453,0.799
2018/3/12,'601857,中国石油,8.05,8.1,8.03,8.05,8.03,0.02,0.2491,0.805
2018/3/9,'601857,中国石油,8.03,8.03,7.99,8.01,8.03,0,0,0.803
2018/3/8,'601857,中国石油,8.03,8.05,7.97,7.98,8.02,0.01,0.1247,0.803
2018/3/7,'601857,中国石油,8.02,8.11,8,8.08,8.11,-0.09,-1.1097,0.802
2018/3/6,'601857,中国石油,8.11,8.12,8,8.04,8.01,0.1,1.2484,0.811
2018/3/5,'601857,中国石油,8.01,8.04,7.96,7.96,7.96,0.05,0.6281,0.801
2018/3/2,'601857,中国石油,7.96,8,7.92,7.95,8.02,-0.06,-0.7481,0.796
2018/3/1,'601857,中国石油,8.02,8.04,7.89,7.94,8,0.02,0.25,0.802
2018/2/28,'601857,中国石油,8,8.12,7.97,8.06,8.13,-0.13,-1.599,0.8
2018/2/27,'601857,中国石油,8.13,8.27,8.1,8.24,8.26,-0.13,-1.5738,0.813
2018/2/26,'601857,中国石油,8.26,8.29,8.14,8.25,8.19,0.07,0.8547,0.826
2018/2/23,'601857,中国石油,8.19,8.25,8.13,8.16,8.16,0.03,0.3676,0.819
2018/2/22,'601857,中国石油,8.16,8.19,8.05,8.09,8.02,0.14,1.7456,0.816
2018/2/14,'601857,中国石油,8.02,8.05,7.93,7.99,8,0.02,0.25,0.802
2018/2/13,'601857,中国石油,8,8.09,7.94,7.98,7.98,0.02,0.2506,0.8
2018/2/12,'601857,中国石油,7.98,8.04,7.87,7.95,7.95,0.03,0.3774,0.798
2018/2/9,'601857,中国石油,7.95,8.23,7.8,8.16,8.36,-0.41,-4.9043,0.795
2018/2/8,'601857,中国石油,8.36,8.49,8.28,8.44,8.57,-0.21,-2.4504,0.836
2018/2/7,'601857,中国石油,8.57,9.02,8.5,8.95,8.82,-0.25,-2.8345,0.857
2018/2/6,'601857,中国石油,8.82,9.3,8.75,9.2,9.35,-0.53,-5.6684,0.882
2018/2/5,'601857,中国石油,9.35,9.36,9.1,9.1,9.3,0.05,0.5376,0.935
2018/2/2,'601857,中国石油,9.3,9.37,8.88,8.98,9,0.3,3.3333,0.93
2018/2/1,'601857,中国石油,9,9.07,8.85,9.01,9.01,-0.01,-0.111,0.9
2018/1/31,'601857,中国石油,9.01,9.07,8.91,8.96,9.11,-0.1,-1.0977,0.901
2018/1/30,'601857,中国石油,9.11,9.3,9.08,9.2,9.3,-0.19,-2.043,0.911
2018/1/29,'601857,中国石油,9.3,9.5,9.24,9.33,9.31,-0.01,-0.1074,0.93
2018/1/26,'601857,中国石油,9.31,9.34,9.11,9.2,9.25,0.06,0.6486,0.931
2018/1/25,'601857,中国石油,9.25,9.58,9.24,9.4,9.33,-0.08,-0.8574,0.925
2018/1/24,'601857,中国石油,9.33,9.35,9.11,9.21,9.19,0.14,1.5234,0.933
2018/1/23,'601857,中国石油,9.19,9.19,8.93,9,8.95,0.24,2.6816,0.919
2018/1/22,'601857,中国石油,8.95,9.05,8.81,8.95,9,-0.05,-0.5556,0.895
2018/1/19,'601857,中国石油,9,9.05,8.71,8.73,8.73,0.27,3.0928,0.9
2018/1/18,'601857,中国石油,8.73,8.87,8.68,8.87,8.82,-0.09,-1.0204,0.873
2018/1/17,'601857,中国石油,8.82,9.01,8.66,8.68,8.71,0.11,1.2629,0.882
2018/1/16,'601857,中国石油,8.71,8.89,8.65,8.8,8.81,-0.1,-1.1351,0.871
2018/1/15,'601857,中国石油,8.81,8.95,8.67,8.78,8.75,0.06,0.6857,0.881
2018/1/12,'601857,中国石油,8.75,8.85,8.66,8.82,8.76,-0.01,-0.1142,0.875
2018/1/11,'601857,中国石油,8.76,8.88,8.68,8.77,8.75,0.01,0.1143,0.876
2018/1/10,'601857,中国石油,8.75,8.89,8.62,8.62,8.51,0.24,2.8202,0.875
2018/1/9,'601857,中国石油,8.51,8.62,8.45,8.51,8.53,-0.02,-0.2345,0.851
2018/1/8,'601857,中国石油,8.53,8.62,8.47,8.56,8.59,-0.06,-0.6985,0.853
2018/1/5,'601857,中国石油,8.59,8.66,8.48,8.53,8.55,0.04,0.4678,0.859
2018/1/4,'601857,中国石油,8.55,8.79,8.32,8.34,8.27,0.28,3.3857,0.855
2018/1/3,'601857,中国石油,8.27,8.37,8.21,8.23,8.25,0.02,0.2424,0.827
2018/1/2,'601857,中国石油,8.25,8.33,8.08,8.09,8.09,0.16,1.9778,0.825
2017/12/29,'601857,中国石油,8.09,8.13,8.05,8.06,8.06,0.03,0.3722,0.809
2017/12/28,'601857,中国石油,8.06,8.12,8.02,8.07,8.09,-0.03,-0.3708,0.806
2017/12/27,'601857,中国石油,8.09,8.18,8.08,8.09,8.07,0.02,0.2478,0.809
2017/12/26,'601857,中国石油,8.07,8.09,8.01,8.02,8.04,0.03,0.3731,0.807
2017/12/25,'601857,中国石油,8.04,8.12,8.01,8.08,8.09,-0.05,-0.618,0.804
2017/12/22,'601857,中国石油,8.09,8.12,7.95,7.99,7.98,0.11,1.3784,0.809
2017/12/21,'601857,中国石油,7.98,8,7.89,7.94,7.94,0.04,0.5038,0.798
2017/12/20,'601857,中国石油,7.94,7.96,7.9,7.93,7.89,0.05,0.6337,0.794
2017/12/19,'601857,中国石油,7.89,7.91,7.86,7.88,7.88,0.01,0.1269,0.789
2017/12/18,'601857,中国石油,7.88,7.9,7.84,7.87,7.87,0.01,0.1271,0.788
2017/12/15,'601857,中国石油,7.87,7.94,7.86,7.94,7.94,-0.07,-0.8816,0.787
2017/12/14,'601857,中国石油,7.94,8.04,7.91,8.03,8.02,-0.08,-0.9975,0.794
2017/12/13,'601857,中国石油,8.02,8.05,8,8.01,8.02,0,0,0.802
2017/12/12,'601857,中国石油,8.02,8.12,8,8.1,8.09,-0.07,-0.8653,0.802
2017/12/11,'601857,中国石油,8.09,8.14,8.05,8.06,8.06,0.03,0.3722,0.809
2017/12/8,'601857,中国石油,8.06,8.07,8,8.04,8.05,0.01,0.1242,0.806
2017/12/7,'601857,中国石油,8.05,8.1,8.02,8.04,8.09,-0.04,-0.4944,0.805
2017/12/6,'601857,中国石油,8.09,8.19,8.06,8.18,8.22,-0.13,-1.5815,0.809
2017/12/5,'601857,中国石油,8.22,8.24,8.1,8.15,8.17,0.05,0.612,0.822
2017/12/4,'601857,中国石油,8.17,8.22,8.13,8.16,8.16,0.01,0.1225,0.817
2017/12/1,'601857,中国石油,8.16,8.21,8.12,8.18,8.17,-0.01,-0.1224,0.816
2017/11/30,'601857,中国石油,8.17,8.25,8.14,8.18,8.24,-0.07,-0.8495,0.817
2017/11/29,'601857,中国石油,8.24,8.34,8.19,8.21,8.21,0.03,0.3654,0.824
2017/11/28,'601857,中国石油,8.21,8.35,8.18,8.31,8.34,-0.13,-1.5588,0.821
2017/11/27,'601857,中国石油,8.34,8.55,8.32,8.4,8.4,-0.06,-0.7143,0.834
2017/11/24,'601857,中国石油,8.4,8.44,8.22,8.27,8.29,0.11,1.3269,0.84
2017/11/23,'601857,中国石油,8.29,8.47,8.28,8.41,8.4,-0.11,-1.3095,0.829
2017/11/22,'601857,中国石油,8.4,8.43,8.18,8.21,8.22,0.18,2.1898,0.84
2017/11/21,'601857,中国石油,8.22,8.27,8.06,8.14,8.18,0.04,0.489,0.822
2017/11/20,'601857,中国石油,8.18,8.23,8.1,8.11,8.12,0.06,0.7389,0.818
2017/11/17,'601857,中国石油,8.12,8.13,8.04,8.1,8.08,0.04,0.495,0.812
2017/11/16,'601857,中国石油,8.08,8.17,8.06,8.14,8.15,-0.07,-0.8589,0.808
2017/11/15,'601857,中国石油,8.15,8.3,8.14,8.3,8.36,-0.21,-2.512,0.815
2017/11/14,'601857,中国石油,8.36,8.42,8.33,8.37,8.4,-0.04,-0.4762,0.836
2017/11/13,'601857,中国石油,8.4,8.45,8.31,8.4,8.39,0.01,0.1192,0.84
2017/11/10,'601857,中国石油,8.39,8.54,8.34,8.5,8.52,-0.13,-1.5258,0.839
2017/11/9,'601857,中国石油,8.52,8.53,8.44,8.49,8.5,0.02,0.2353,0.852
2017/11/8,'601857,中国石油,8.5,8.57,8.44,8.55,8.59,-0.09,-1.0477,0.85
2017/11/7,'601857,中国石油,8.59,8.67,8.44,8.45,8.38,0.21,2.506,0.859
2017/11/6,'601857,中国石油,8.38,8.46,8.31,8.38,8.32,0.06,0.7212,0.838
2017/11/3,'601857,中国石油,8.32,8.5,8.27,8.39,8.39,-0.07,-0.8343,0.832
2017/11/2,'601857,中国石油,8.39,8.43,8.33,8.36,8.39,0,0,0.839
2017/11/1,'601857,中国石油,8.39,8.43,8.25,8.27,8.27,0.12,1.451,0.839
2017/10/31,'601857,中国石油,8.27,8.3,8.22,8.27,8.3,-0.03,-0.3614,0.827
2017/10/30,'601857,中国石油,8.3,8.35,8.11,8.15,8.13,0.17,2.091,0.83
2017/10/27,'601857,中国石油,8.13,8.19,8.1,8.18,8.17,-0.04,-0.4896,0.813
2017/10/26,'601857,中国石油,8.17,8.17,8.09,8.13,8.13,0.04,0.492,0.817
2017/10/25,'601857,中国石油,8.13,8.17,8.1,8.15,8.17,-0.04,-0.4896,0.813
2017/10/24,'601857,中国石油,8.17,8.23,8.12,8.13,8.15,0.02,0.2454,0.817
2017/10/23,'601857,中国石油,8.15,8.17,8.09,8.15,8.15,0,0,0.815
2017/10/20,'601857,中国石油,8.15,8.22,8.13,8.21,8.27,-0.12,-1.451,0.815
2017/10/19,'601857,中国石油,8.27,8.28,8.17,8.2,8.25,0.02,0.2424,0.827
2017/10/18,'601857,中国石油,8.25,8.28,8.03,8.05,8.05,0.2,2.4845,0.825
2017/10/17,'601857,中国石油,8.05,8.09,8.02,8.05,8.05,0,0,0.805
2017/10/16,'601857,中国石油,8.05,8.06,7.97,7.98,7.98,0.07,0.8772,0.805
2017/10/13,'601857,中国石油,7.98,7.98,7.95,7.97,7.97,0.01,0.1255,0.798
2017/10/12,'601857,中国石油,7.97,8,7.95,8,8,-0.03,-0.375,0.797
2017/10/11,'601857,中国石油,8,8.01,7.98,8,8,0,0,0.8
2017/10/10,'601857,中国石油,8,8,7.96,7.98,7.98,0.02,0.2506,0.8
2017/10/9,'601857,中国石油,7.98,8.04,7.96,8.04,7.99,-0.01,-0.1252,0.798
2017/9/29,'601857,中国石油,7.99,8.02,7.95,8,8,-0.01,-0.125,0.799
2017/9/28,'601857,中国石油,8,8.05,7.95,8.04,8.05,-0.05,-0.6211,0.8
2017/9/27,'601857,中国石油,8.05,8.1,8.04,8.07,8.09,-0.04,-0.4944,0.805
2017/9/26,'601857,中国石油,8.09,8.15,8.05,8.08,8.06,0.03,0.3722,0.809
2017/9/25,'601857,中国石油,8.06,8.09,7.89,7.91,7.95,0.11,1.3836,0.806
2017/9/22,'601857,中国石油,7.95,7.97,7.87,7.96,7.97,-0.02,-0.2509,0.795
2017/9/21,'601857,中国石油,7.97,7.98,7.94,7.94,7.94,0.03,0.3778,0.797
2017/9/20,'601857,中国石油,7.94,7.98,7.93,7.97,7.97,-0.03,-0.3764,0.794
2017/9/19,'601857,中国石油,7.97,8.01,7.95,7.98,8,-0.03,-0.375,0.797
2017/9/18,'601857,中国石油,8,8.03,7.96,7.98,7.98,0.02,0.2506,0.8
2017/9/15,'601857,XD中国石,7.98,8.01,7.95,7.99,7.96,0.02,0.2513,0.798
2017/9/14,'601857,中国石油,8.03,8.07,8.02,8.03,8.03,0,0,0.803
2017/9/13,'601857,中国石油,8.03,8.05,8,8.01,8.03,0,0,0.803
2017/9/12,'601857,中国石油,8.03,8.1,8.01,8.09,8.08,-0.05,-0.6188,0.803
2017/9/11,'601857,中国石油,8.08,8.1,8.05,8.06,8.08,0,0,0.808
2017/9/8,'601857,中国石油,8.08,8.11,8.06,8.09,8.09,-0.01,-0.1236,0.808
2017/9/7,'601857,中国石油,8.09,8.16,8.08,8.15,8.14,-0.05,-0.6143,0.809
2017/9/6,'601857,中国石油,8.14,8.16,8.08,8.08,8.08,0.06,0.7426,0.814
2017/9/5,'601857,中国石油,8.08,8.13,8.05,8.09,8.1,-0.02,-0.2469,0.808
2017/9/4,'601857,中国石油,8.1,8.12,8.07,8.09,8.09,0.01,0.1236,0.81
2017/9/1,'601857,中国石油,8.09,8.15,8.07,8.14,8.11,-0.02,-0.2466,0.809
2017/8/31,'601857,中国石油,8.11,8.13,8.08,8.1,8.13,-0.02,-0.246,0.811
2017/8/30,'601857,中国石油,8.13,8.19,8.09,8.11,8.12,0.01,0.1232,0.813
2017/8/29,'601857,中国石油,8.12,8.21,8.1,8.2,8.2,-0.08,-0.9756,0.812
2017/8/28,'601857,中国石油,8.2,8.23,8.08,8.1,8.07,0.13,1.6109,0.82
2017/8/25,'601857,中国石油,8.07,8.1,8,8.03,7.96,0.11,1.3819,0.807
2017/8/24,'601857,中国石油,7.96,8.03,7.95,8.01,7.99,-0.03,-0.3755,0.796
2017/8/23,'601857,中国石油,7.99,8.04,7.98,8.01,8.01,-0.02,-0.2497,0.799
2017/8/22,'601857,中国石油,8.01,8.04,7.97,8.02,8.02,-0.01,-0.1247,0.801
2017/8/21,'601857,中国石油,8.02,8.03,7.95,7.98,7.95,0.07,0.8805,0.802
2017/8/18,'601857,中国石油,7.95,7.97,7.87,7.89,7.93,0.02,0.2522,0.795
2017/8/17,'601857,中国石油,7.93,7.93,7.89,7.91,7.9,0.03,0.3797,0.793
2017/8/16,'601857,中国石油,7.9,7.94,7.88,7.93,7.93,-0.03,-0.3783,0.79
2017/8/15,'601857,中国石油,7.93,7.97,7.91,7.93,7.95,-0.02,-0.2516,0.793
2017/8/14,'601857,中国石油,7.95,7.96,7.9,7.94,7.97,-0.02,-0.2509,0.795
2017/8/11,'601857,中国石油,7.97,8.06,7.88,8.03,8.09,-0.12,-1.4833,0.797
2017/8/10,'601857,中国石油,8.09,8.16,8.03,8.13,8.12,-0.03,-0.3695,0.809
2017/8/9,'601857,中国石油,8.12,8.18,8.12,8.17,8.18,-0.06,-0.7335,0.812
2017/8/8,'601857,中国石油,8.18,8.2,8.13,8.17,8.19,-0.01,-0.1221,0.818
2017/8/7,'601857,中国石油,8.19,8.23,8.12,8.18,8.18,0.01,0.1222,0.819
2017/8/4,'601857,中国石油,8.18,8.26,8.07,8.07,8.11,0.07,0.8631,0.818
2017/8/3,'601857,中国石油,8.11,8.17,8.07,8.15,8.14,-0.03,-0.3686,0.811
2017/8/2,'601857,中国石油,8.14,8.2,8.12,8.19,8.23,-0.09,-1.0936,0.814
2017/8/1,'601857,中国石油,8.23,8.24,8.13,8.16,8.13,0.1,1.23,0.823
2017/7/31,'601857,中国石油,8.13,8.16,8.07,8.1,8.1,0.03,0.3704,0.813
2017/7/28,'601857,中国石油,8.1,8.14,8.03,8.12,8.15,-0.05,-0.6135,0.81
2017/7/27,'601857,中国石油,8.15,8.3,8.12,8.28,8.19,-0.04,-0.4884,0.815
2017/7/26,'601857,中国石油,8.19,8.19,8.07,8.1,8.07,0.12,1.487,0.819
2017/7/25,'601857,中国石油,8.07,8.15,7.99,8,8.01,0.06,0.7491,0.807
2017/7/24,'601857,中国石油,8.01,8.06,7.99,8,8.03,-0.02,-0.2491,0.801
2017/7/21,'601857,中国石油,8.03,8.12,8.01,8.1,8.11,-0.08,-0.9864,0.803
2017/7/20,'601857,中国石油,8.11,8.14,8.07,8.09,8.11,0,0,0.811
2017/7/19,'601857,中国石油,8.11,8.12,8.01,8.02,8.06,0.05,0.6203,0.811
2017/7/18,'601857,中国石油,8.06,8.12,7.99,8.05,8.13,-0.07,-0.861,0.806
2017/7/17,'601857,中国石油,8.13,8.14,7.78,7.88,7.89,0.24,3.0418,0.813
2017/7/14,'601857,中国石油,7.89,7.94,7.86,7.9,7.89,0,0,0.789
2017/7/13,'601857,中国石油,7.89,7.89,7.77,7.79,7.79,0.1,1.2837,0.789
2017/7/12,'601857,中国石油,7.79,7.86,7.74,7.85,7.84,-0.05,-0.6378,0.779
2017/7/11,'601857,中国石油,7.84,7.9,7.82,7.84,7.84,0,0,0.784
2017/7/10,'601857,中国石油,7.84,7.91,7.78,7.8,7.8,0.04,0.5128,0.784
2017/7/7,'601857,中国石油,7.8,7.84,7.78,7.81,7.83,-0.03,-0.3831,0.78
2017/7/6,'601857,中国石油,7.83,7.88,7.78,7.79,7.81,0.02,0.2561,0.783
2017/7/5,'601857,中国石油,7.81,7.83,7.78,7.82,7.83,-0.02,-0.2554,0.781
2017/7/4,'601857,中国石油,7.83,7.86,7.74,7.74,7.74,0.09,1.1628,0.783
2017/7/3,'601857,中国石油,7.74,7.74,7.67,7.7,7.69,0.05,0.6502,0.774
2017/6/30,'601857,中国石油,7.69,7.73,7.64,7.66,7.69,0,0,0.769
2017/6/29,'601857,中国石油,7.69,7.72,7.65,7.7,7.69,0,0,0.769
2017/6/28,'601857,中国石油,7.69,7.74,7.67,7.68,7.7,-0.01,-0.1299,0.769
2017/6/27,'601857,中国石油,7.7,7.74,7.66,7.72,7.73,-0.03,-0.3881,0.77
2017/6/26,'601857,中国石油,7.73,7.76,7.71,7.72,7.74,-0.01,-0.1292,0.773
2017/6/23,'601857,中国石油,7.74,7.75,7.62,7.64,7.69,0.05,0.6502,0.774
2017/6/22,'601857,XD中国石,7.69,7.76,7.65,7.68,7.68,0.01,0.1302,0.769
2017/6/21,'601857,中国石油,7.72,7.73,7.65,7.7,7.7,0.02,0.2597,0.772
2017/6/20,'601857,中国石油,7.7,7.7,7.64,7.66,7.65,0.05,0.6536,0.77
2017/6/19,'601857,中国石油,7.65,7.67,7.63,7.64,7.65,0,0,0.765
2017/6/16,'601857,中国石油,7.65,7.66,7.59,7.63,7.65,0,0,0.765
2017/6/15,'601857,中国石油,7.65,7.67,7.59,7.63,7.66,-0.01,-0.1305,0.765
2017/6/14,'601857,中国石油,7.66,7.67,7.62,7.63,7.65,0.01,0.1307,0.766
2017/6/13,'601857,中国石油,7.65,7.66,7.6,7.61,7.64,0.01,0.1309,0.765
2017/6/12,'601857,中国石油,7.64,7.73,7.64,7.71,7.73,-0.09,-1.1643,0.764
2017/6/9,'601857,中国石油,7.73,7.79,7.7,7.71,7.73,0,0,0.773
2017/6/8,'601857,中国石油,7.73,7.75,7.69,7.72,7.75,-0.02,-0.2581,0.773
2017/6/7,'601857,中国石油,7.75,7.75,7.69,7.73,7.72,0.03,0.3886,0.775
2017/6/6,'601857,中国石油,7.72,7.74,7.69,7.71,7.74,-0.02,-0.2584,0.772
2017/6/5,'601857,中国石油,7.74,7.76,7.65,7.74,7.77,-0.03,-0.3861,0.774
2017/6/2,'601857,中国石油,7.77,7.9,7.76,7.83,7.85,-0.08,-1.0191,0.777
2017/6/1,'601857,中国石油,7.85,7.88,7.75,7.78,7.82,0.03,0.3836,0.785
2017/5/31,'601857,中国石油,7.82,7.86,7.73,7.78,7.8,0.02,0.2564,0.782
2017/5/26,'601857,中国石油,7.8,7.85,7.77,7.79,7.87,-0.07,-0.8895,0.78
2017/5/25,'601857,中国石油,7.87,7.9,7.7,7.73,7.75,0.12,1.5484,0.787
2017/5/24,'601857,中国石油,7.75,7.79,7.68,7.75,7.79,-0.04,-0.5135,0.775
2017/5/23,'601857,中国石油,7.79,7.79,7.65,7.68,7.69,0.1,1.3004,0.779
2017/5/22,'601857,中国石油,7.69,7.71,7.63,7.67,7.6,0.09,1.1842,0.769
2017/5/19,'601857,中国石油,7.6,7.66,7.58,7.62,7.62,-0.02,-0.2625,0.76
2017/5/18,'601857,中国石油,7.62,7.63,7.52,7.55,7.59,0.03,0.3953,0.762
2017/5/17,'601857,中国石油,7.59,7.68,7.55,7.68,7.69,-0.1,-1.3004,0.759
2017/5/16,'601857,中国石油,7.69,7.73,7.63,7.67,7.7,-0.01,-0.1299,0.769
2017/5/15,'601857,中国石油,7.7,7.75,7.56,7.57,7.6,0.1,1.3158,0.77
2017/5/12,'601857,中国石油,7.6,7.62,7.55,7.55,7.62,-0.02,-0.2625,0.76
2017/5/11,'601857,中国石油,7.62,7.64,7.43,7.45,7.44,0.18,2.4194,0.762
2017/5/10,'601857,中国石油,7.44,7.5,7.43,7.48,7.49,-0.05,-0.6676,0.744
2017/5/9,'601857,中国石油,7.49,7.51,7.42,7.44,7.48,0.01,0.1337,0.749
2017/5/8,'601857,中国石油,7.48,7.55,7.42,7.5,7.55,-0.07,-0.9272,0.748
2017/5/5,'601857,中国石油,7.55,7.56,7.39,7.51,7.58,-0.03,-0.3958,0.755
2017/5/4,'601857,中国石油,7.58,7.6,7.5,7.6,7.6,-0.02,-0.2632,0.758
2017/5/3,'601857,中国石油,7.6,7.69,7.58,7.67,7.69,-0.09,-1.1704,0.76
2017/5/2,'601857,中国石油,7.69,7.78,7.68,7.77,7.8,-0.11,-1.4103,0.769
2017/4/28,'601857,中国石油,7.8,7.8,7.72,7.79,7.8,0,0,0.78
2017/4/27,'601857,中国石油,7.8,7.81,7.71,7.72,7.73,0.07,0.9056,0.78
2017/4/26,'601857,中国石油,7.73,7.78,7.7,7.73,7.74,-0.01,-0.1292,0.773
2017/4/25,'601857,中国石油,7.74,7.78,7.7,7.73,7.77,-0.03,-0.3861,0.774
2017/4/24,'601857,中国石油,7.77,7.8,7.67,7.75,7.79,-0.02,-0.2567,0.777
2017/4/21,'601857,中国石油,7.79,7.8,7.66,7.68,7.69,0.1,1.3004,0.779
2017/4/20,'601857,中国石油,7.69,7.79,7.63,7.76,7.8,-0.11,-1.4103,0.769
2017/4/19,'601857,中国石油,7.8,7.92,7.75,7.9,7.96,-0.16,-2.0101,0.78
2017/4/18,'601857,中国石油,7.96,8.05,7.95,8.02,8.05,-0.09,-1.118,0.796
2017/4/17,'601857,中国石油,8.05,8.07,7.95,7.99,8.02,0.03,0.3741,0.805
2017/4/14,'601857,中国石油,8.02,8.07,8,8.05,8.06,-0.04,-0.4963,0.802
2017/4/13,'601857,中国石油,8.06,8.11,8.03,8.08,8.1,-0.04,-0.4938,0.806
2017/4/12,'601857,中国石油,8.1,8.13,7.96,8.02,8.02,0.08,0.9975,0.81
2017/4/11,'601857,中国石油,8.02,8.06,7.95,8.04,8.05,-0.03,-0.3727,0.802
2017/4/10,'601857,中国石油,8.05,8.08,8.02,8.07,8.05,0,0,0.805
2017/4/7,'601857,中国石油,8.05,8.13,7.98,8,7.98,0.07,0.8772,0.805
2017/4/6,'601857,中国石油,7.98,7.99,7.93,7.94,7.97,0.01,0.1255,0.798
2017/4/5,'601857,中国石油,7.97,7.98,7.85,7.87,7.87,0.1,1.2706,0.797
2017/3/31,'601857,中国石油,7.87,7.9,7.8,7.82,7.86,0.01,0.1272,0.787
2017/3/30,'601857,中国石油,7.86,7.89,7.72,7.84,7.85,0.01,0.1274,0.786
2017/3/29,'601857,中国石油,7.85,7.89,7.81,7.85,7.85,0,0,0.785
2017/3/28,'601857,中国石油,7.85,7.94,7.81,7.92,7.92,-0.07,-0.8838,0.785
2017/3/27,'601857,中国石油,7.92,8.03,7.9,7.98,7.96,-0.04,-0.5025,0.792
2017/3/24,'601857,中国石油,7.96,7.98,7.88,7.9,7.92,0.04,0.5051,0.796
2017/3/23,'601857,中国石油,7.92,7.98,7.88,7.98,7.98,-0.06,-0.7519,0.792
2017/3/22,'601857,中国石油,7.98,8.02,7.94,7.98,8.03,-0.05,-0.6227,0.798
2017/3/21,'601857,中国石油,8.03,8.06,7.98,8,8.02,0.01,0.1247,0.803
2017/3/20,'601857,中国石油,8.02,8.02,7.91,7.91,7.94,0.08,1.0076,0.802
2017/3/17,'601857,中国石油,7.94,8.04,7.92,8.03,8.04,-0.1,-1.2438,0.794
2017/3/16,'601857,中国石油,8.04,8.05,7.99,7.99,7.99,0.05,0.6258,0.804
2017/3/15,'601857,中国石油,7.99,7.99,7.93,7.98,7.99,0,0,0.799
2017/3/14,'601857,中国石油,7.99,8.03,7.94,7.97,7.97,0.02,0.2509,0.799
2017/3/13,'601857,中国石油,7.97,8.01,7.89,7.92,7.93,0.04,0.5044,0.797
2017/3/10,'601857,中国石油,7.93,7.96,7.92,7.93,7.96,-0.03,-0.3769,0.793
2017/3/9,'601857,中国石油,7.96,8.04,7.93,8.04,8.09,-0.13,-1.6069,0.796
2017/3/8,'601857,中国石油,8.09,8.12,8.03,8.08,8.09,0,0,0.809
2017/3/7,'601857,中国石油,8.09,8.09,8.04,8.05,8.06,0.03,0.3722,0.809
2017/3/6,'601857,中国石油,8.06,8.06,8,8.05,8.04,0.02,0.2488,0.806
2017/3/3,'601857,中国石油,8.04,8.16,8.03,8.16,8.18,-0.14,-1.7115,0.804
2017/3/2,'601857,中国石油,8.18,8.28,8.17,8.24,8.25,-0.07,-0.8485,0.818
2017/3/1,'601857,中国石油,8.25,8.27,8.19,8.23,8.23,0.02,0.243,0.825
2017/2/28,'601857,中国石油,8.23,8.25,8.2,8.2,8.21,0.02,0.2436,0.823
2017/2/27,'601857,中国石油,8.21,8.26,8.18,8.24,8.26,-0.05,-0.6053,0.821
2017/2/24,'601857,中国石油,8.26,8.31,8.18,8.29,8.29,-0.03,-0.3619,0.826
2017/2/23,'601857,中国石油,8.29,8.4,8.26,8.39,8.4,-0.11,-1.3095,0.829
2017/2/22,'601857,中国石油,8.4,8.42,8.35,8.36,8.35,0.05,0.5988,0.84
2017/2/21,'601857,中国石油,8.35,8.37,8.31,8.33,8.35,0,0,0.835
2017/2/20,'601857,中国石油,8.35,8.36,8.26,8.28,8.28,0.07,0.8454,0.835
2017/2/17,'601857,中国石油,8.28,8.38,8.25,8.3,8.32,-0.04,-0.4808,0.828
2017/2/16,'601857,中国石油,8.32,8.41,8.26,8.4,8.42,-0.1,-1.1876,0.832
2017/2/15,'601857,中国石油,8.42,8.44,8.37,8.39,8.39,0.03,0.3576,0.842
2017/2/14,'601857,中国石油,8.39,8.4,8.35,8.4,8.41,-0.02,-0.2378,0.839
2017/2/13,'601857,中国石油,8.41,8.46,8.37,8.45,8.44,-0.03,-0.3555,0.841
2017/2/10,'601857,中国石油,8.44,8.46,8.38,8.4,8.43,0.01,0.1186,0.844
2017/2/9,'601857,中国石油,8.43,8.45,8.33,8.41,8.41,0.02,0.2378,0.843
2017/2/8,'601857,中国石油,8.41,8.5,8.34,8.49,8.51,-0.1,-1.1751,0.841
2017/2/7,'601857,中国石油,8.51,8.55,8.47,8.54,8.55,-0.04,-0.4678,0.851
2017/2/6,'601857,中国石油,8.55,8.6,8.49,8.58,8.58,-0.03,-0.3497,0.855
2017/2/3,'601857,中国石油,8.58,8.66,8.56,8.65,8.65,-0.07,-0.8092,0.858
2017/1/26,'601857,中国石油,8.65,8.76,8.59,8.69,8.74,-0.09,-1.0297,0.865
2017/1/25,'601857,中国石油,8.74,8.83,8.68,8.74,8.76,-0.02,-0.2283,0.874
2017/1/24,'601857,中国石油,8.76,8.83,8.49,8.52,8.52,0.24,2.8169,0.876
2017/1/23,'601857,中国石油,8.52,8.54,8.41,8.45,8.45,0.07,0.8284,0.852
2017/1/20,'601857,中国石油,8.45,8.48,8.4,8.46,8.5,-0.05,-0.5882,0.845
2017/1/19,'601857,中国石油,8.5,8.55,8.36,8.54,8.57,-0.07,-0.8168,0.85
2017/1/18,'601857,中国石油,8.57,8.61,8.49,8.53,8.54,0.03,0.3513,0.857
2017/1/17,'601857,中国石油,8.54,8.7,8.45,8.47,8.52,0.02,0.2347,0.854
2017/1/16,'601857,中国石油,8.52,8.55,8.27,8.36,8.39,0.13,1.5495,0.852
2017/1/13,'601857,中国石油,8.39,8.42,8.27,8.32,8.32,0.07,0.8413,0.839
2017/1/12,'601857,中国石油,8.32,8.42,8.29,8.31,8.31,0.01,0.1203,0.832
2017/1/11,'601857,中国石油,8.31,8.49,8.3,8.35,8.4,-0.09,-1.0714,0.831
2017/1/10,'601857,中国石油,8.4,8.44,8.22,8.35,8.37,0.03,0.3584,0.84
2017/1/9,'601857,中国石油,8.37,8.56,8.3,8.3,8.36,0.01,0.1196,0.837
2017/1/6,'601857,中国石油,8.36,8.42,8.15,8.17,8.16,0.2,2.451,0.836
2017/1/5,'601857,中国石油,8.16,8.22,7.97,7.99,8,0.16,2,0.816
2017/1/4,'601857,中国石油,8,8.04,7.92,7.96,7.97,0.03,0.3764,0.8
2017/1/3,'601857,中国石油,7.97,8.01,7.91,7.95,7.95,0.02,0.2516,0.797
2016/12/30,'601857,中国石油,7.95,7.98,7.9,7.95,7.95,0,0,0.795
2016/12/29,'601857,中国石油,7.95,8.02,7.93,7.98,8.03,-0.08,-0.9963,0.795
2016/12/28,'601857,中国石油,8.03,8.19,8,8.05,8.02,0.01,0.1247,0.803
2016/12/27,'601857,中国石油,8.02,8.09,7.97,8.06,8.1,-0.08,-0.9877,0.802
2016/12/26,'601857,中国石油,8.1,8.13,7.93,8.07,8.12,-0.02,-0.2463,0.81
2016/12/23,'601857,中国石油,8.12,8.24,8.06,8.13,8.16,-0.04,-0.4902,0.812
2016/12/22,'601857,中国石油,8.16,8.28,7.86,7.9,7.93,0.23,2.9004,0.816
2016/12/21,'601857,中国石油,7.93,8.08,7.73,7.75,7.63,0.3,3.9318,0.793
2016/12/20,'601857,中国石油,7.63,7.71,7.58,7.71,7.7,-0.07,-0.9091,0.763
2016/12/19,'601857,中国石油,7.7,7.72,7.57,7.62,7.61,0.09,1.1827,0.77
2016/12/16,'601857,中国石油,7.61,7.63,7.53,7.56,7.6,0.01,0.1316,0.761
2016/12/15,'601857,中国石油,7.6,7.7,7.52,7.68,7.75,-0.15,-1.9355,0.76
2016/12/14,'601857,中国石油,7.75,7.91,7.69,7.71,7.71,0.04,0.5188,0.775
2016/12/13,'601857,中国石油,7.71,7.74,7.53,7.55,7.57,0.14,1.8494,0.771
2016/12/12,'601857,中国石油,7.57,7.79,7.55,7.75,7.65,-0.08,-1.0458,0.757
2016/12/9,'601857,中国石油,7.65,7.67,7.57,7.58,7.58,0.07,0.9235,0.765
2016/12/8,'601857,中国石油,7.58,7.62,7.57,7.6,7.62,-0.04,-0.5249,0.758
2016/12/7,'601857,中国石油,7.62,7.62,7.52,7.59,7.6,0.02,0.2632,0.762
2016/12/6,'601857,中国石油,7.6,7.69,7.59,7.61,7.64,-0.04,-0.5236,0.76
2016/12/5,'601857,中国石油,7.64,7.79,7.6,7.79,7.86,-0.22,-2.799,0.764
2016/12/2,'601857,中国石油,7.86,8.14,7.76,7.78,7.76,0.1,1.2887,0.786
2016/12/1,'601857,中国石油,7.76,7.87,7.7,7.85,7.62,0.14,1.8373,0.776
2016/11/30,'601857,中国石油,7.62,7.76,7.58,7.75,7.77,-0.15,-1.9305,0.762
2016/11/29,'601857,中国石油,7.77,7.8,7.64,7.68,7.67,0.1,1.3038,0.777
2016/11/28,'601857,中国石油,7.67,7.69,7.57,7.58,7.6,0.07,0.9211,0.767
2016/11/25,'601857,中国石油,7.6,7.62,7.52,7.55,7.55,0.05,0.6623,0.76
2016/11/24,'601857,中国石油,7.55,7.61,7.53,7.57,7.59,-0.04,-0.527,0.755
2016/11/23,'601857,中国石油,7.59,7.71,7.55,7.61,7.67,-0.08,-1.043,0.759
2016/11/22,'601857,中国石油,7.67,7.73,7.48,7.51,7.48,0.19,2.5401,0.767
2016/11/21,'601857,中国石油,7.48,7.48,7.37,7.38,7.4,0.08,1.0811,0.748
2016/11/18,'601857,中国石油,7.4,7.43,7.38,7.41,7.42,-0.02,-0.2695,0.74
2016/11/17,'601857,中国石油,7.42,7.44,7.37,7.4,7.43,-0.01,-0.1346,0.742
2016/11/16,'601857,中国石油,7.43,7.44,7.38,7.43,7.42,0.01,0.1348,0.743
2016/11/15,'601857,中国石油,7.42,7.47,7.4,7.42,7.44,-0.02,-0.2688,0.742
2016/11/14,'601857,中国石油,7.44,7.46,7.37,7.38,7.4,0.04,0.5405,0.744
2016/11/11,'601857,中国石油,7.4,7.43,7.31,7.32,7.34,0.06,0.8174,0.74
2016/11/10,'601857,中国石油,7.34,7.35,7.28,7.3,7.28,0.06,0.8242,0.734
2016/11/9,'601857,中国石油,7.28,7.32,7.25,7.32,7.32,-0.04,-0.5464,0.728
2016/11/8,'601857,中国石油,7.32,7.32,7.3,7.3,7.29,0.03,0.4115,0.732
2016/11/7,'601857,中国石油,7.29,7.31,7.25,7.26,7.26,0.03,0.4132,0.729
2016/11/4,'601857,中国石油,7.26,7.31,7.26,7.28,7.29,-0.03,-0.4115,0.726
2016/11/3,'601857,中国石油,7.29,7.31,7.24,7.26,7.28,0.01,0.1374,0.729
2016/11/2,'601857,中国石油,7.28,7.33,7.26,7.31,7.33,-0.05,-0.6821,0.728
2016/11/1,'601857,中国石油,7.33,7.34,7.3,7.32,7.34,-0.01,-0.1362,0.733
2016/10/31,'601857,中国石油,7.34,7.36,7.29,7.35,7.38,-0.04,-0.542,0.734
2016/10/28,'601857,中国石油,7.38,7.4,7.36,7.36,7.37,0.01,0.1357,0.738
2016/10/27,'601857,中国石油,7.37,7.4,7.35,7.37,7.38,-0.01,-0.1355,0.737
2016/10/26,'601857,中国石油,7.38,7.41,7.35,7.4,7.39,-0.01,-0.1353,0.738
2016/10/25,'601857,中国石油,7.39,7.43,7.38,7.41,7.43,-0.04,-0.5384,0.739
2016/10/24,'601857,中国石油,7.43,7.46,7.34,7.37,7.36,0.07,0.9511,0.743
2016/10/21,'601857,中国石油,7.36,7.37,7.31,7.32,7.34,0.02,0.2725,0.736
2016/10/20,'601857,中国石油,7.34,7.36,7.31,7.34,7.33,0.01,0.1364,0.734
2016/10/19,'601857,中国石油,7.33,7.36,7.31,7.33,7.33,0,0,0.733
2016/10/18,'601857,中国石油,7.33,7.35,7.25,7.25,7.26,0.07,0.9642,0.733
2016/10/17,'601857,中国石油,7.26,7.3,7.25,7.29,7.3,-0.04,-0.5479,0.726
2016/10/14,'601857,中国石油,7.3,7.3,7.26,7.28,7.28,0.02,0.2747,0.73
2016/10/13,'601857,中国石油,7.28,7.31,7.27,7.3,7.3,-0.02,-0.274,0.728
2016/10/12,'601857,中国石油,7.3,7.31,7.28,7.29,7.31,-0.01,-0.1368,0.73
2016/10/11,'601857,中国石油,7.31,7.33,7.29,7.31,7.29,0.02,0.2743,0.731
2016/10/10,'601857,中国石油,7.29,7.33,7.27,7.33,7.22,0.07,0.9695,0.729
2016/9/30,'601857,中国石油,7.22,7.24,7.21,7.23,7.23,-0.01,-0.1383,0.722
2016/9/29,'601857,中国石油,7.23,7.27,7.23,7.23,7.19,0.04,0.5563,0.723
2016/9/28,'601857,中国石油,7.19,7.21,7.18,7.21,7.21,-0.02,-0.2774,0.719
2016/9/27,'601857,中国石油,7.21,7.22,7.16,7.19,7.19,0.02,0.2782,0.721
2016/9/26,'601857,中国石油,7.19,7.25,7.18,7.25,7.27,-0.08,-1.1004,0.719
2016/9/23,'601857,中国石油,7.27,7.28,7.25,7.27,7.26,0.01,0.1377,0.727
2016/9/22,'601857,中国石油,7.26,7.28,7.26,7.27,7.26,0,0,0.726
2016/9/21,'601857,XD中国石,7.26,7.26,7.23,7.26,7.25,0.01,0.1379,0.726
2016/9/20,'601857,中国石油,7.27,7.28,7.25,7.28,7.28,-0.01,-0.1374,0.727
2016/9/19,'601857,中国石油,7.28,7.29,7.26,7.27,7.28,0,0,0.728
2016/9/14,'601857,中国石油,7.28,7.3,7.26,7.27,7.29,-0.01,-0.1372,0.728
2016/9/13,'601857,中国石油,7.29,7.31,7.26,7.3,7.31,-0.02,-0.2736,0.729
2016/9/12,'601857,中国石油,7.31,7.38,7.26,7.37,7.42,-0.11,-1.4825,0.731
2016/9/9,'601857,中国石油,7.42,7.48,7.4,7.47,7.46,-0.04,-0.5362,0.742
2016/9/8,'601857,中国石油,7.46,7.5,7.45,7.5,7.49,-0.03,-0.4005,0.746
2016/9/7,'601857,中国石油,7.49,7.51,7.47,7.48,7.49,0,0,0.749
2016/9/6,'601857,中国石油,7.49,7.5,7.46,7.49,7.5,-0.01,-0.1333,0.749
2016/9/5,'601857,中国石油,7.5,7.52,7.45,7.47,7.47,0.03,0.4016,0.75
2016/9/2,'601857,中国石油,7.47,7.5,7.45,7.48,7.49,-0.02,-0.267,0.747
2016/9/1,'601857,中国石油,7.49,7.54,7.48,7.52,7.54,-0.05,-0.6631,0.749
2016/8/31,'601857,中国石油,7.54,7.54,7.47,7.49,7.49,0.05,0.6676,0.754
2016/8/30,'601857,中国石油,7.49,7.52,7.39,7.42,7.42,0.07,0.9434,0.749
2016/8/29,'601857,中国石油,7.42,7.43,7.37,7.39,7.4,0.02,0.2703,0.742
2016/8/26,'601857,中国石油,7.4,7.43,7.39,7.4,7.41,-0.01,-0.135,0.74
2016/8/25,'601857,中国石油,7.41,7.42,7.37,7.41,7.43,-0.02,-0.2692,0.741
2016/8/24,'601857,中国石油,7.43,7.44,7.4,7.41,7.42,0.01,0.1348,0.743
2016/8/23,'601857,中国石油,7.42,7.43,7.39,7.41,7.42,0,0,0.742
2016/8/22,'601857,中国石油,7.42,7.45,7.4,7.41,7.41,0.01,0.135,0.742
2016/8/19,'601857,中国石油,7.41,7.46,7.39,7.41,7.39,0.02,0.2706,0.741
2016/8/18,'601857,中国石油,7.39,7.44,7.38,7.41,7.42,-0.03,-0.4043,0.739
2016/8/17,'601857,中国石油,7.42,7.44,7.4,7.42,7.42,0,0,0.742
2016/8/16,'601857,中国石油,7.42,7.46,7.4,7.45,7.45,-0.03,-0.4027,0.742
2016/8/15,'601857,中国石油,7.45,7.46,7.33,7.35,7.34,0.11,1.4986,0.745
2016/8/12,'601857,中国石油,7.34,7.35,7.27,7.3,7.3,0.04,0.5479,0.734
2016/8/11,'601857,中国石油,7.3,7.3,7.26,7.27,7.27,0.03,0.4127,0.73
2016/8/10,'601857,中国石油,7.27,7.29,7.26,7.28,7.28,-0.01,-0.1374,0.727
2016/8/9,'601857,中国石油,7.28,7.29,7.22,7.26,7.26,0.02,0.2755,0.728
2016/8/8,'601857,中国石油,7.26,7.26,7.21,7.24,7.24,0.02,0.2762,0.726
2016/8/5,'601857,中国石油,7.24,7.25,7.21,7.23,7.24,0,0,0.724
2016/8/4,'601857,中国石油,7.24,7.24,7.19,7.23,7.22,0.02,0.277,0.724
2016/8/3,'601857,中国石油,7.22,7.23,7.19,7.21,7.24,-0.02,-0.2762,0.722
2016/8/2,'601857,中国石油,7.24,7.24,7.19,7.2,7.22,0.02,0.277,0.724
2016/8/1,'601857,中国石油,7.22,7.23,7.17,7.21,7.22,0,0,0.722
2016/7/29,'601857,中国石油,7.22,7.23,7.2,7.21,7.22,0,0,0.722
2016/7/28,'601857,中国石油,7.22,7.23,7.19,7.22,7.23,-0.01,-0.1383,0.722
2016/7/27,'601857,中国石油,7.23,7.34,7.19,7.33,7.33,-0.1,-1.3643,0.723
2016/7/26,'601857,中国石油,7.33,7.33,7.28,7.28,7.28,0.05,0.6868,0.733
2016/7/25,'601857,中国石油,7.28,7.31,7.26,7.29,7.29,-0.01,-0.1372,0.728
2016/7/22,'601857,中国石油,7.29,7.34,7.28,7.34,7.34,-0.05,-0.6812,0.729
2016/7/21,'601857,中国石油,7.34,7.37,7.31,7.32,7.32,0.02,0.2732,0.734
2016/7/20,'601857,中国石油,7.32,7.37,7.32,7.33,7.35,-0.03,-0.4082,0.732
2016/7/19,'601857,中国石油,7.35,7.37,7.32,7.36,7.38,-0.03,-0.4065,0.735
2016/7/18,'601857,中国石油,7.38,7.4,7.35,7.37,7.38,0,0,0.738
2016/7/15,'601857,中国石油,7.38,7.41,7.36,7.37,7.37,0.01,0.1357,0.738
2016/7/14,'601857,中国石油,7.37,7.4,7.35,7.38,7.41,-0.04,-0.5398,0.737
2016/7/13,'601857,中国石油,7.41,7.44,7.35,7.37,7.37,0.04,0.5427,0.741
2016/7/12,'601857,中国石油,7.37,7.38,7.25,7.27,7.28,0.09,1.2363,0.737
2016/7/11,'601857,中国石油,7.28,7.31,7.23,7.24,7.25,0.03,0.4138,0.728
2016/7/8,'601857,中国石油,7.25,7.27,7.23,7.26,7.29,-0.04,-0.5487,0.725
2016/7/7,'601857,中国石油,7.29,7.3,7.23,7.26,7.27,0.02,0.2751,0.729
2016/7/6,'601857,中国石油,7.27,7.28,7.21,7.26,7.3,-0.03,-0.411,0.727
2016/7/5,'601857,中国石油,7.3,7.31,7.26,7.29,7.29,0.01,0.1372,0.73
2016/7/4,'601857,中国石油,7.29,7.29,7.2,7.21,7.22,0.07,0.9695,0.729
2016/7/1,'601857,中国石油,7.22,7.24,7.19,7.22,7.23,-0.01,-0.1383,0.722
2016/6/30,'601857,中国石油,7.23,7.24,7.21,7.22,7.22,0.01,0.1385,0.723
2016/6/29,'601857,中国石油,7.22,7.23,7.18,7.19,7.19,0.03,0.4172,0.722
2016/6/28,'601857,中国石油,7.19,7.19,7.12,7.13,7.14,0.05,0.7003,0.719
2016/6/27,'601857,中国石油,7.14,7.16,7.08,7.08,7.12,0.02,0.2809,0.714
2016/6/24,'601857,中国石油,7.12,7.21,7.08,7.19,7.18,-0.06,-0.8357,0.712
2016/6/23,'601857,中国石油,7.18,7.23,7.16,7.22,7.22,-0.04,-0.554,0.718
2016/6/22,'601857,中国石油,7.22,7.22,7.18,7.19,7.19,0.03,0.4172,0.722
2016/6/21,'601857,中国石油,7.19,7.25,7.18,7.21,7.21,-0.02,-0.2774,0.719
2016/6/20,'601857,中国石油,7.21,7.22,7.17,7.2,7.2,0.01,0.1389,0.721
2016/6/17,'601857,中国石油,7.2,7.25,7.16,7.17,7.17,0.03,0.4184,0.72
2016/6/16,'601857,中国石油,7.17,7.21,7.15,7.18,7.22,-0.05,-0.6925,0.717
2016/6/15,'601857,中国石油,7.22,7.23,7.13,7.16,7.19,0.03,0.4172,0.722
2016/6/14,'601857,中国石油,7.19,7.21,7.17,7.19,7.19,0,0,0.719
2016/6/13,'601857,中国石油,7.19,7.39,7.18,7.26,7.3,-0.11,-1.5068,0.719
2016/6/8,'601857,XD中国石,7.3,7.32,7.27,7.32,7.31,-0.01,-0.1368,0.73
2016/6/7,'601857,中国石油,7.33,7.35,7.31,7.35,7.34,-0.01,-0.1362,0.733
2016/6/6,'601857,中国石油,7.34,7.36,7.32,7.35,7.36,-0.02,-0.2717,0.734
2016/6/3,'601857,中国石油,7.36,7.38,7.3,7.34,7.33,0.03,0.4093,0.736
2016/6/2,'601857,中国石油,7.33,7.34,7.3,7.33,7.32,0.01,0.1366,0.733
2016/6/1,'601857,中国石油,7.32,7.37,7.32,7.36,7.37,-0.05,-0.6784,0.732
2016/5/31,'601857,中国石油,7.37,7.38,7.21,7.22,7.23,0.14,1.9364,0.737
2016/5/30,'601857,中国石油,7.23,7.24,7.17,7.22,7.2,0.03,0.4167,0.723
2016/5/27,'601857,中国石油,7.2,7.22,7.17,7.21,7.22,-0.02,-0.277,0.72
2016/5/26,'601857,中国石油,7.22,7.25,7.15,7.21,7.19,0.03,0.4172,0.722
2016/5/25,'601857,中国石油,7.19,7.24,7.19,7.22,7.22,-0.03,-0.4155,0.719
2016/5/24,'601857,中国石油,7.22,7.22,7.15,7.19,7.2,0.02,0.2778,0.722
2016/5/23,'601857,中国石油,7.2,7.23,7.19,7.21,7.21,-0.01,-0.1387,0.72
2016/5/20,'601857,中国石油,7.21,7.21,7.15,7.17,7.18,0.03,0.4178,0.721
2016/5/19,'601857,中国石油,7.18,7.23,7.15,7.18,7.2,-0.02,-0.2778,0.718
2016/5/18,'601857,中国石油,7.2,7.22,7.11,7.21,7.24,-0.04,-0.5525,0.72
2016/5/17,'601857,中国石油,7.24,7.25,7.2,7.21,7.2,0.04,0.5556,0.724
2016/5/16,'601857,中国石油,7.2,7.2,7.12,7.17,7.19,0.01,0.1391,0.72
2016/5/13,'601857,中国石油,7.19,7.25,7.16,7.2,7.2,-0.01,-0.1389,0.719
2016/5/12,'601857,中国石油,7.2,7.21,7.14,7.21,7.22,-0.02,-0.277,0.72
2016/5/11,'601857,中国石油,7.22,7.25,7.18,7.21,7.19,0.03,0.4172,0.722
2016/5/10,'601857,中国石油,7.19,7.22,7.16,7.18,7.2,-0.01,-0.1389,0.719
2016/5/9,'601857,中国石油,7.2,7.32,7.18,7.32,7.34,-0.14,-1.9074,0.72
2016/5/6,'601857,中国石油,7.34,7.46,7.34,7.46,7.46,-0.12,-1.6086,0.734
2016/5/5,'601857,中国石油,7.46,7.48,7.42,7.45,7.46,0,0,0.746
2016/5/4,'601857,中国石油,7.46,7.51,7.43,7.48,7.51,-0.05,-0.6658,0.746
2016/5/3,'601857,中国石油,7.51,7.51,7.39,7.4,7.42,0.09,1.2129,0.751
2016/4/29,'601857,中国石油,7.42,7.49,7.38,7.45,7.53,-0.11,-1.4608,0.742
2016/4/28,'601857,中国石油,7.53,7.58,7.47,7.54,7.53,0,0,0.753
2016/4/27,'601857,中国石油,7.53,7.59,7.52,7.56,7.54,-0.01,-0.1326,0.753
2016/4/26,'601857,中国石油,7.54,7.58,7.49,7.58,7.56,-0.02,-0.2646,0.754
2016/4/25,'601857,中国石油,7.56,7.58,7.47,7.55,7.58,-0.02,-0.2639,0.756
2016/4/22,'601857,中国石油,7.58,7.63,7.5,7.53,7.57,0.01,0.1321,0.758
2016/4/21,'601857,中国石油,7.57,7.64,7.52,7.52,7.59,-0.02,-0.2635,0.757
2016/4/20,'601857,中国石油,7.59,7.69,7.43,7.65,7.65,-0.06,-0.7843,0.759
2016/4/19,'601857,中国石油,7.65,7.66,7.56,7.63,7.59,0.06,0.7905,0.765
2016/4/18,'601857,中国石油,7.59,7.68,7.56,7.68,7.75,-0.16,-2.0645,0.759
2016/4/15,'601857,中国石油,7.75,7.8,7.72,7.8,7.77,-0.02,-0.2574,0.775
2016/4/14,'601857,中国石油,7.77,7.85,7.74,7.84,7.79,-0.02,-0.2567,0.777
2016/4/13,'601857,中国石油,7.79,7.84,7.69,7.7,7.65,0.14,1.8301,0.779
2016/4/12,'601857,中国石油,7.65,7.68,7.62,7.65,7.64,0.01,0.1309,0.765
2016/4/11,'601857,中国石油,7.64,7.66,7.55,7.56,7.52,0.12,1.5957,0.764
2016/4/8,'601857,中国石油,7.52,7.59,7.49,7.58,7.61,-0.09,-1.1827,0.752
2016/4/7,'601857,中国石油,7.61,7.73,7.58,7.72,7.7,-0.09,-1.1688,0.761
2016/4/6,'601857,中国石油,7.7,7.83,7.63,7.64,7.66,0.04,0.5222,0.77
2016/4/5,'601857,中国石油,7.66,7.68,7.56,7.61,7.66,0,0,0.766
2016/4/1,'601857,中国石油,7.66,7.68,7.51,7.58,7.61,0.05,0.657,0.766
2016/3/31,'601857,中国石油,7.61,7.68,7.6,7.65,7.67,-0.06,-0.7823,0.761
2016/3/30,'601857,中国石油,7.67,7.75,7.49,7.51,7.48,0.19,2.5401,0.767
2016/3/29,'601857,中国石油,7.48,7.61,7.46,7.58,7.59,-0.11,-1.4493,0.748
2016/3/28,'601857,中国石油,7.59,7.68,7.57,7.63,7.63,-0.04,-0.5242,0.759
2016/3/25,'601857,中国石油,7.63,7.65,7.56,7.63,7.63,0,0,0.763
2016/3/24,'601857,中国石油,7.63,7.74,7.62,7.74,7.78,-0.15,-1.928,0.763
2016/3/23,'601857,中国石油,7.78,7.81,7.74,7.79,7.79,-0.01,-0.1284,0.778
2016/3/22,'601857,中国石油,7.79,7.85,7.77,7.83,7.85,-0.06,-0.7643,0.779
2016/3/21,'601857,中国石油,7.85,7.9,7.82,7.88,7.88,-0.03,-0.3807,0.785
2016/3/18,'601857,中国石油,7.88,7.94,7.83,7.92,7.88,0,0,0.788
2016/3/17,'601857,中国石油,7.88,7.91,7.82,7.89,7.89,-0.01,-0.1267,0.788
2016/3/16,'601857,中国石油,7.89,7.94,7.73,7.76,7.79,0.1,1.2837,0.789
2016/3/15,'601857,中国石油,7.79,7.82,7.7,7.78,7.75,0.04,0.5161,0.779
2016/3/14,'601857,中国石油,7.75,7.81,7.64,7.72,7.69,0.06,0.7802,0.775
2016/3/11,'601857,中国石油,7.69,7.71,7.56,7.6,7.69,0,0,0.769
2016/3/10,'601857,中国石油,7.69,7.72,7.6,7.69,7.8,-0.11,-1.4103,0.769
2016/3/9,'601857,中国石油,7.8,7.82,7.48,7.7,7.82,-0.02,-0.2558,0.78
2016/3/8,'601857,中国石油,7.82,7.86,7.68,7.83,7.78,0.04,0.5141,0.782
2016/3/7,'601857,中国石油,7.78,7.85,7.73,7.75,7.82,-0.04,-0.5115,0.778
2016/3/4,'601857,中国石油,7.82,7.85,7.52,7.57,7.58,0.24,3.1662,0.782
2016/3/3,'601857,中国石油,7.58,7.6,7.46,7.5,7.54,0.04,0.5305,0.758
2016/3/2,'601857,中国石油,7.54,7.55,7.31,7.32,7.32,0.22,3.0055,0.754
2016/3/1,'601857,中国石油,7.32,7.34,7.17,7.23,7.28,0.04,0.5495,0.732
2016/2/29,'601857,中国石油,7.28,7.3,7.08,7.21,7.26,0.02,0.2755,0.728
2016/2/26,'601857,中国石油,7.26,7.35,7.1,7.13,7.08,0.18,2.5424,0.726
2016/2/25,'601857,中国石油,7.08,7.52,7.07,7.52,7.53,-0.45,-5.9761,0.708
2016/2/24,'601857,中国石油,7.53,7.6,7.42,7.45,7.48,0.05,0.6684,0.753
2016/2/23,'601857,中国石油,7.48,7.58,7.46,7.57,7.53,-0.05,-0.664,0.748
2016/2/22,'601857,中国石油,7.53,7.55,7.43,7.45,7.42,0.11,1.4825,0.753
2016/2/19,'601857,中国石油,7.42,7.47,7.38,7.43,7.43,-0.01,-0.1346,0.742
2016/2/18,'601857,中国石油,7.43,7.54,7.42,7.54,7.52,-0.09,-1.1968,0.743
2016/2/17,'601857,中国石油,7.52,7.54,7.29,7.3,7.35,0.17,2.3129,0.752
2016/2/16,'601857,中国石油,7.35,7.36,7.19,7.21,7.18,0.17,2.3677,0.735
2016/2/15,'601857,中国石油,7.18,7.23,7.09,7.13,7.23,-0.05,-0.6916,0.718
2016/2/5,'601857,中国石油,7.23,7.3,7.22,7.29,7.26,-0.03,-0.4132,0.723
2016/2/4,'601857,中国石油,7.26,7.35,7.24,7.28,7.22,0.04,0.554,0.726
2016/2/3,'601857,中国石油,7.22,7.26,7.11,7.21,7.32,-0.1,-1.3661,0.722
2016/2/2,'601857,中国石油,7.32,7.35,7.17,7.24,7.25,0.07,0.9655,0.732
2016/2/1,'601857,中国石油,7.25,7.4,7.19,7.4,7.46,-0.21,-2.815,0.725
2016/1/29,'601857,中国石油,7.46,7.49,7.34,7.4,7.44,0.02,0.2688,0.746
2016/1/28,'601857,中国石油,7.44,7.63,7.1,7.19,7.28,0.16,2.1978,0.744
2016/1/27,'601857,中国石油,7.28,7.41,6.99,7.15,7.08,0.2,2.8249,0.728
2016/1/26,'601857,中国石油,7.08,7.34,7.04,7.33,7.43,-0.35,-4.7106,0.708
2016/1/25,'601857,中国石油,7.43,7.54,7.36,7.47,7.33,0.1,1.3643,0.743
2016/1/22,'601857,中国石油,7.33,7.35,7.18,7.32,7.26,0.07,0.9642,0.733
2016/1/21,'601857,中国石油,7.26,7.47,7.22,7.34,7.46,-0.2,-2.681,0.726
2016/1/20,'601857,中国石油,7.46,7.55,7.27,7.37,7.42,0.04,0.5391,0.746
2016/1/19,'601857,中国石油,7.42,7.44,7.26,7.27,7.27,0.15,2.0633,0.742
2016/1/18,'601857,中国石油,7.27,7.34,7.1,7.14,7.34,-0.07,-0.9537,0.727
2016/1/15,'601857,中国石油,7.34,7.62,7.3,7.62,7.63,-0.29,-3.8008,0.734
2016/1/14,'601857,中国石油,7.63,7.65,7.43,7.5,7.61,0.02,0.2628,0.763
2016/1/13,'601857,中国石油,7.61,7.81,7.59,7.8,7.76,-0.15,-1.933,0.761
2016/1/12,'601857,中国石油,7.76,7.84,7.6,7.66,7.7,0.06,0.7792,0.776
2016/1/11,'601857,中国石油,7.7,7.97,7.69,7.9,7.99,-0.29,-3.6295,0.77
2016/1/8,'601857,中国石油,7.99,8.07,7.74,7.96,7.83,0.16,2.0434,0.799
2016/1/7,'601857,中国石油,7.83,8.2,7.7,8.17,8.31,-0.48,-5.7762,0.783
2016/1/6,'601857,中国石油,8.31,8.33,8.05,8.09,8.07,0.24,2.974,0.831
2016/1/5,'601857,中国石油,8.07,8.21,7.98,8.04,8.13,-0.06,-0.738,0.807
2016/1/4,'601857,中国石油,8.13,8.38,8.11,8.34,8.35,-0.22,-2.6347,0.813
2015/12/31,'601857,中国石油,8.35,8.42,8.33,8.39,8.41,-0.06,-0.7134,0.835
2015/12/30,'601857,中国石油,8.41,8.45,8.37,8.43,8.42,-0.01,-0.1188,0.841
2015/12/29,'601857,中国石油,8.42,8.43,8.36,8.37,8.37,0.05,0.5974,0.842
2015/12/28,'601857,中国石油,8.37,8.54,8.37,8.5,8.48,-0.11,-1.2972,0.837
2015/12/25,'601857,中国石油,8.48,8.54,8.41,8.54,8.48,0,0,0.848
2015/12/24,'601857,中国石油,8.48,8.6,8.44,8.57,8.54,-0.06,-0.7026,0.848
2015/12/23,'601857,中国石油,8.54,8.64,8.51,8.53,8.52,0.02,0.2347,0.854
2015/12/22,'601857,中国石油,8.52,8.56,8.48,8.52,8.53,-0.01,-0.1172,0.852
2015/12/21,'601857,中国石油,8.53,8.55,8.39,8.43,8.48,0.05,0.5896,0.853
2015/12/18,'601857,中国石油,8.48,8.56,8.44,8.47,8.48,0,0,0.848
2015/12/17,'601857,中国石油,8.48,8.52,8.42,8.43,8.46,0.02,0.2364,0.848
2015/12/16,'601857,中国石油,8.46,8.57,8.44,8.44,8.37,0.09,1.0753,0.846
2015/12/15,'601857,中国石油,8.37,8.43,8.35,8.41,8.43,-0.06,-0.7117,0.837
2015/12/14,'601857,中国石油,8.43,8.44,8.23,8.26,8.3,0.13,1.5663,0.843
2015/12/11,'601857,中国石油,8.3,8.34,8.25,8.32,8.33,-0.03,-0.3601,0.83
2015/12/10,'601857,中国石油,8.33,8.39,8.3,8.36,8.35,-0.02,-0.2395,0.833
2015/12/9,'601857,中国石油,8.35,8.44,8.32,8.38,8.38,-0.03,-0.358,0.835
2015/12/8,'601857,中国石油,8.38,8.47,8.36,8.45,8.55,-0.17,-1.9883,0.838
2015/12/7,'601857,中国石油,8.55,8.6,8.51,8.54,8.58,-0.03,-0.3497,0.855
2015/12/4,'601857,中国石油,8.58,8.77,8.51,8.75,8.82,-0.24,-2.7211,0.858
2015/12/3,'601857,中国石油,8.82,8.95,8.52,8.58,8.64,0.18,2.0833,0.882
2015/12/2,'601857,中国石油,8.64,8.67,8.33,8.4,8.41,0.23,2.7348,0.864
2015/12/1,'601857,中国石油,8.41,8.45,8.35,8.4,8.4,0.01,0.119,0.841
